Team,Week,Result,Record,Home,Opponent,Points Scored,Points Allowed,1st Downs,Total Yards Gained, Passing Yards, Rushing Yards,Turnovers Lost,1st Downs Allowed,Total Yards Allowed,Passing Yards Allowed,Rushing Yards Allowed,Turnovers Gained,Offense Expected Points,Defense  Expected Points,Special Teams  Expected Points,Prediction_LR,Prediction_ADA
San Francisco 49ers,1,1,1-0,0,Pittsburgh Steelers,30,7,22,391,203,188,1.0,15,239,198,41,2.0,9.73,13.55,-0.78,0.4077223783656785,0.0335805947867867
San Francisco 49ers,2,1,2-0,0,Los Angeles Rams,30,23,21,365,206,159,1.0,28,386,297,89,2.0,12.36,-3.31,-2.05,0.4077223783656785,0.0335805947867867
San Francisco 49ers,3,1,3-0,1,New York Giants,30,12,26,441,300,141,1.0,10,150,121,29,1.0,19.0,11.82,-9.72,0.4077223783656785,0.0335805947867867
San Francisco 49ers,4,1,4-0,1,Arizona Cardinals,35,16,30,395,271,124,1.0,23,362,257,105,1.0,30.46,-9.72,-1.63,0.4077223783656785,0.0335805947867867
San Francisco 49ers,5,1,5-0,1,Dallas Cowboys,42,10,25,421,251,170,1.0,8,197,140,57,4.0,12.84,23.12,-5.21,0.4077223783656785,0.0335805947867867
San Francisco 49ers,6,0,5-1,0,Cleveland Browns,17,19,15,215,107,108,1.0,18,334,174,160,2.0,-6.05,11.32,-7.34,0.4077223783656785,0.0335805947867867
San Francisco 49ers,7,0,5-2,0,Minnesota Vikings,17,22,19,325,260,65,3.0,24,452,378,74,1.0,5.43,-16.3,6.07,0.4077223783656785,0.0335805947867867
San Francisco 49ers,8,0,5-3,1,Cincinnati Bengals,17,31,24,460,347,113,3.0,29,400,266,134,1.0,9.25,-18.3,2.48,0.4077223783656785,0.0335805947867867
San Francisco 49ers,10,1,6-3,0,Jacksonville Jaguars,34,3,20,437,293,144,1.0,12,221,162,59,4.0,15.13,18.16,-3.53,0.4077223783656785,0.0335805947867867
San Francisco 49ers,11,1,7-3,1,Tampa Bay Buccaneers,27,14,22,420,305,115,1.0,22,287,221,66,2.0,14.22,2.05,-2.57,0.4077223783656785,0.0335805947867867
San Francisco 49ers,12,1,8-3,0,Seattle Seahawks,31,13,23,377,208,169,1.0,14,220,132,88,2.0,8.06,10.62,-0.59,0.4077223783656785,0.0335805947867867
San Francisco 49ers,13,1,9-3,0,Philadelphia Eagles,42,19,24,456,310,146,1.0,23,333,287,46,1.0,33.55,-6.22,-2.11,0.4077223783656785,0.0335805947867867
San Francisco 49ers,14,1,10-3,1,Seattle Seahawks,28,16,19,527,354,173,2.0,17,324,254,70,2.0,19.7,1.61,-3.47,0.4077223783656785,0.0335805947867867
San Francisco 49ers,15,1,11-3,0,Arizona Cardinals,45,29,24,406,262,144,1.0,22,436,202,234,2.0,26.28,-5.83,-1.07,0.4077223783656785,0.0335805947867867
San Francisco 49ers,16,0,11-4,1,Baltimore Ravens,19,33,21,429,308,121,5.0,23,343,241,102,1.0,-4.26,-11.84,1.31,0.4077223783656785,0.0335805947867867
San Francisco 49ers,17,1,12-4,0,Washington Commanders,27,10,28,408,224,184,1.0,12,225,163,62,2.0,16.3,6.62,-3.5,0.4077223783656785,0.0335805947867867
San Francisco 49ers,18,0,12-5,1,Los Angeles Rams,20,21,20,300,175,125,1.0,19,258,149,109,1.0,9.48,-11.3,-2.42,0.4077223783656785,0.0335805947867867
Chicago Bears,1,0,0-1,1,Green Bay Packers,20,38,22,311,189,122,2.0,15,329,237,92,1.0,-6.45,-8.05,-2.11,0.2952632407593402,0.0191879957148351
Chicago Bears,2,0,0-2,0,Tampa Bay Buccaneers,17,27,14,236,169,67,2.0,19,437,317,120,1.0,-7.04,-14.15,8.78,0.2952632407593402,0.0191879957148351
Chicago Bears,3,0,0-3,0,Kansas City Chiefs,10,41,11,203,87,116,2.0,31,456,303,153,2.0,-13.6,-20.09,1.47,0.2952632407593402,0.0191879957148351
Chicago Bears,4,0,0-4,1,Denver Broncos,28,31,26,471,300,171,2.0,17,311,214,97,1.0,13.11,-13.54,-1.5,0.2952632407593402,0.0191879957148351
Chicago Bears,5,1,1-4,0,Washington Commanders,40,20,18,451,273,178,1.0,23,388,359,29,2.0,19.81,-4.63,0.51,0.2952632407593402,0.0191879957148351
Chicago Bears,6,0,1-5,1,Minnesota Vikings,13,19,18,275,113,162,3.0,12,220,174,46,1.0,-15.39,8.38,-0.79,0.2952632407593402,0.0191879957148351
Chicago Bears,7,1,2-5,1,Las Vegas Raiders,30,12,23,323,150,173,1.0,20,235,196,39,3.0,12.58,6.37,2.41,0.2952632407593402,0.0191879957148351
Chicago Bears,8,0,2-6,0,Los Angeles Chargers,13,30,17,295,222,73,2.0,20,352,298,54,1.0,-6.71,-7.29,-5.12,0.2952632407593402,0.0191879957148351
Chicago Bears,9,0,2-7,0,New Orleans Saints,17,24,20,368,212,156,5.0,18,301,214,87,1.0,-5.71,-5.1,-3.16,0.2952632407593402,0.0191879957148351
Chicago Bears,10,1,3-7,1,Carolina Panthers,16,13,21,295,162,133,1.0,12,213,170,43,1.0,-0.42,6.28,-1.84,0.2952632407593402,0.0191879957148351
Chicago Bears,11,0,3-8,0,Detroit Lions,26,31,25,334,151,183,1.0,23,338,223,115,4.0,4.18,-11.72,1.3,0.2952632407593402,0.0191879957148351
Chicago Bears,12,1,4-8,0,Minnesota Vikings,12,10,18,317,199,118,2.0,15,242,169,73,4.0,-7.29,10.19,-3.55,0.2952632407593402,0.0191879957148351
Chicago Bears,14,1,5-8,1,Detroit Lions,28,13,20,336,194,142,1.0,13,267,127,140,3.0,3.69,10.07,-0.72,0.2952632407593402,0.0191879957148351
Chicago Bears,15,0,5-9,0,Cleveland Browns,17,20,12,236,148,88,3.0,14,377,348,29,3.0,-20.51,20.66,-3.15,0.2952632407593402,0.0191879957148351
Chicago Bears,16,1,6-9,1,Arizona Cardinals,27,16,22,420,170,250,1.0,16,306,213,93,1.0,9.8,4.06,-4.35,0.2952632407593402,0.0191879957148351
Chicago Bears,17,1,7-9,1,Atlanta Falcons,37,17,22,432,240,192,1.0,15,307,173,134,4.0,10.27,4.29,7.6,0.2952632407593402,0.0191879957148351
Chicago Bears,18,0,7-10,0,Green Bay Packers,9,17,13,192,117,75,1.0,24,432,308,124,1.0,-1.05,-20.31,8.08,0.2952632407593402,0.0191879957148351
Cincinnati Bengals,1,0,0-1,0,Cleveland Browns,3,24,6,142,67,75,1.0,21,350,144,206,2.0,-23.57,6.77,-3.92,0.3686275016917714,0.0328528338320527
Cincinnati Bengals,2,0,0-2,1,Baltimore Ravens,24,27,19,282,216,66,1.0,26,415,237,178,1.0,6.95,-18.73,6.67,0.3686275016917714,0.0328528338320527
Cincinnati Bengals,3,1,1-2,1,Los Angeles Rams,19,16,19,309,242,67,1.0,15,292,221,71,2.0,-8.0,7.34,3.79,0.3686275016917714,0.0328528338320527
Cincinnati Bengals,4,0,1-3,0,Tennessee Titans,3,27,14,211,139,72,1.0,23,400,227,173,1.0,-9.18,-18.97,1.14,0.3686275016917714,0.0328528338320527
Cincinnati Bengals,5,1,2-3,0,Arizona Cardinals,34,20,27,380,287,93,1.0,15,294,152,142,3.0,4.11,9.49,0.68,0.3686275016917714,0.0328528338320527
Cincinnati Bengals,6,1,3-3,1,Seattle Seahawks,17,13,15,214,168,46,1.0,24,384,297,87,2.0,-1.37,3.89,1.98,0.3686275016917714,0.0328528338320527
Cincinnati Bengals,8,1,4-3,0,San Francisco 49ers,31,17,29,400,266,134,1.0,24,460,347,113,3.0,18.3,-9.25,-2.48,0.3686275016917714,0.0328528338320527
Cincinnati Bengals,9,1,5-3,1,Buffalo Bills,24,18,23,397,343,54,1.0,21,317,249,68,2.0,14.35,-6.05,-0.96,0.3686275016917714,0.0328528338320527
Cincinnati Bengals,10,0,5-4,1,Houston Texans,27,30,20,380,314,66,2.0,28,544,356,188,3.0,4.94,-13.25,4.46,0.3686275016917714,0.0328528338320527
Cincinnati Bengals,11,0,5-5,0,Baltimore Ravens,20,34,20,272,136,136,1.0,22,405,248,157,1.0,4.61,-19.09,-1.27,0.3686275016917714,0.0328528338320527
Cincinnati Bengals,12,0,5-6,1,Pittsburgh Steelers,10,16,10,222,197,25,1.0,22,421,268,153,1.0,-6.04,-4.32,3.05,0.3686275016917714,0.0328528338320527
Cincinnati Bengals,13,1,6-6,0,Jacksonville Jaguars,34,31,27,491,335,156,1.0,23,376,305,71,1.0,17.41,-13.98,0.31,0.3686275016917714,0.0328528338320527
Cincinnati Bengals,14,1,7-6,1,Indianapolis Colts,34,14,19,385,274,111,1.0,19,272,226,46,2.0,6.86,4.37,8.34,0.3686275016917714,0.0328528338320527
Cincinnati Bengals,15,1,8-6,1,Minnesota Vikings,27,24,22,378,298,80,1.0,24,424,281,143,2.0,9.29,-8.62,1.35,0.3686275016917714,0.0328528338320527
Cincinnati Bengals,16,0,8-7,0,Pittsburgh Steelers,11,34,17,368,309,59,3.0,16,397,284,113,1.0,-7.25,-15.02,1.38,0.3686275016917714,0.0328528338320527
Cincinnati Bengals,17,0,8-8,0,Kansas City Chiefs,17,25,20,263,159,104,1.0,15,373,241,132,1.0,1.31,-5.05,-3.55,0.3686275016917714,0.0328528338320527
Cincinnati Bengals,18,1,9-8,1,Cleveland Browns,31,14,22,328,145,183,1.0,13,244,140,104,2.0,8.81,8.3,-1.32,0.3686275016917714,0.0328528338320527
Buffalo Bills,1,0,0-1,0,New York Jets,16,22,19,314,217,97,4.0,13,289,117,172,1.0,-4.85,1.19,-2.27,0.3800856709018149,0.0347043017809202
Buffalo Bills,2,1,1-1,1,Las Vegas Raiders,38,10,29,450,267,183,1.0,13,240,185,55,3.0,27.19,4.89,-3.85,0.3800856709018149,0.0347043017809202
Buffalo Bills,3,1,2-1,0,Washington Commanders,37,3,20,386,218,168,1.0,15,230,125,105,5.0,10.16,23.07,-1.39,0.3800856709018149,0.0347043017809202
Buffalo Bills,4,1,3-1,1,Miami Dolphins,48,20,24,414,310,104,1.0,20,393,251,142,2.0,27.56,2.09,-1.37,0.3800856709018149,0.0347043017809202
Buffalo Bills,5,0,3-2,1,Jacksonville Jaguars,20,25,18,388,359,29,2.0,29,474,278,196,2.0,6.27,-13.93,-2.21,0.3800856709018149,0.0347043017809202
Buffalo Bills,6,1,4-2,1,New York Giants,14,9,22,297,169,128,2.0,20,317,185,132,1.0,2.9,-3.02,-6.7,0.3800856709018149,0.0347043017809202
Buffalo Bills,7,0,4-3,0,New England Patriots,25,29,24,339,258,81,2.0,21,364,268,96,1.0,11.63,-10.65,-5.61,0.3800856709018149,0.0347043017809202
Buffalo Bills,8,1,5-3,1,Tampa Bay Buccaneers,24,18,25,427,312,115,1.0,17,302,224,78,1.0,9.78,-3.38,-1.24,0.3800856709018149,0.0347043017809202
Buffalo Bills,9,0,5-4,0,Cincinnati Bengals,18,24,21,317,249,68,2.0,23,397,343,54,1.0,6.05,-14.35,0.96,0.3800856709018149,0.0347043017809202
Buffalo Bills,10,0,5-5,1,Denver Broncos,22,24,18,369,177,192,4.0,19,300,178,122,1.0,-0.44,4.09,-4.65,0.3800856709018149,0.0347043017809202
Buffalo Bills,11,1,6-5,1,New York Jets,32,6,22,393,263,130,1.0,14,155,92,63,4.0,14.64,15.34,1.82,0.3800856709018149,0.0347043017809202
Buffalo Bills,12,0,6-6,0,Philadelphia Eagles,34,37,29,505,332,173,1.0,24,378,193,185,2.0,13.85,-7.6,-9.18,0.3800856709018149,0.0347043017809202
Buffalo Bills,14,1,7-6,0,Kansas City Chiefs,20,17,21,327,209,118,1.0,21,346,264,82,2.0,1.78,2.22,0.36,0.3800856709018149,0.0347043017809202
Buffalo Bills,15,1,8-6,1,Dallas Cowboys,31,10,28,351,85,266,1.0,14,195,106,89,1.0,19.98,3.23,-3.82,0.3800856709018149,0.0347043017809202
Buffalo Bills,16,1,9-6,0,Los Angeles Chargers,24,22,16,335,230,105,3.0,18,273,175,98,1.0,7.67,4.02,-9.12,0.3800856709018149,0.0347043017809202
Buffalo Bills,17,1,10-6,1,New England Patriots,27,21,19,281,154,127,1.0,16,294,191,103,4.0,0.15,11.94,-1.73,0.3800856709018149,0.0347043017809202
Buffalo Bills,18,1,11-6,0,Miami Dolphins,21,14,26,473,345,128,3.0,16,275,167,108,2.0,12.65,-3.92,3.03,0.3800856709018149,0.0347043017809202
Denver Broncos,1,0,0-1,1,Las Vegas Raiders,16,17,22,260,166,94,1.0,22,261,200,61,1.0,10.75,-9.59,-3.68,0.3416447747590206,0.0267123634294555
Denver Broncos,2,0,0-2,1,Washington Commanders,33,35,21,399,277,122,2.0,26,388,266,122,1.0,11.6,-16.73,3.13,0.3416447747590206,0.0267123634294555
Denver Broncos,3,0,0-3,0,Miami Dolphins,20,70,16,363,294,69,3.0,30,726,376,350,1.0,-13.39,-48.65,12.38,0.3416447747590206,0.0267123634294555
Denver Broncos,4,1,1-3,0,Chicago Bears,31,28,17,311,214,97,1.0,26,471,300,171,2.0,13.54,-13.11,1.5,0.3416447747590206,0.0267123634294555
Denver Broncos,5,0,1-4,1,New York Jets,21,31,18,308,169,139,3.0,18,407,173,234,2.0,-6.26,-5.79,-2.75,0.3416447747590206,0.0267123634294555
Denver Broncos,6,0,1-5,0,Kansas City Chiefs,8,19,14,197,82,115,3.0,22,389,293,96,1.0,-13.65,-1.99,1.97,0.3416447747590206,0.0267123634294555
Denver Broncos,7,1,2-5,1,Green Bay Packers,19,17,18,339,194,145,1.0,20,331,194,137,1.0,9.89,-11.33,2.65,0.3416447747590206,0.0267123634294555
Denver Broncos,8,1,3-5,1,Kansas City Chiefs,24,9,19,240,87,153,1.0,18,274,212,62,5.0,-1.52,11.85,4.12,0.3416447747590206,0.0267123634294555
Denver Broncos,10,1,4-5,0,Buffalo Bills,24,22,19,300,178,122,1.0,18,369,177,192,4.0,-4.09,0.44,4.65,0.3416447747590206,0.0267123634294555
Denver Broncos,11,1,5-5,1,Minnesota Vikings,21,20,13,295,249,46,1.0,19,385,210,175,3.0,-3.68,1.96,5.21,0.3416447747590206,0.0267123634294555
Denver Broncos,12,1,6-5,1,Cleveland Browns,29,12,17,294,125,169,1.0,19,269,162,107,3.0,3.83,14.0,-0.36,0.3416447747590206,0.0267123634294555
Denver Broncos,13,0,6-6,0,Houston Texans,17,22,16,282,164,118,3.0,14,353,264,89,1.0,-4.63,1.15,-0.91,0.3416447747590206,0.0267123634294555
Denver Broncos,14,1,7-6,0,Los Angeles Chargers,24,7,19,322,216,106,1.0,17,283,207,76,2.0,-1.17,21.6,-2.39,0.3416447747590206,0.0267123634294555
Denver Broncos,15,0,7-7,0,Detroit Lions,17,42,20,287,204,83,1.0,29,448,263,185,1.0,3.2,-29.35,3.14,0.3416447747590206,0.0267123634294555
Denver Broncos,16,0,7-8,1,New England Patriots,23,26,19,276,193,83,2.0,12,289,230,59,1.0,-0.12,1.42,-4.11,0.3416447747590206,0.0267123634294555
Denver Broncos,17,1,8-8,1,Los Angeles Chargers,16,9,16,313,212,101,1.0,17,301,215,86,1.0,2.08,5.75,1.2,0.3416447747590206,0.0267123634294555
Denver Broncos,18,0,8-9,0,Las Vegas Raiders,14,27,17,286,238,48,1.0,22,359,230,129,1.0,1.3,-12.72,-0.08,0.3416447747590206,0.0267123634294555
Cleveland Browns,1,1,1-0,1,Cincinnati Bengals,24,3,21,350,144,206,2.0,6,142,67,75,1.0,-6.77,23.57,3.92,0.3495536052385033,0.0247406181585971
Cleveland Browns,2,0,1-1,0,Pittsburgh Steelers,22,26,20,408,210,198,4.0,9,255,200,55,2.0,-19.51,16.63,-2.81,0.3495536052385033,0.0247406181585971
Cleveland Browns,3,1,2-1,1,Tennessee Titans,27,3,23,341,263,78,1.0,6,94,68,26,1.0,13.99,13.12,-4.04,0.3495536052385033,0.0247406181585971
Cleveland Browns,4,0,2-2,1,Baltimore Ravens,3,28,13,166,73,93,3.0,16,296,165,131,1.0,-25.42,-2.36,2.71,0.3495536052385033,0.0247406181585971
Cleveland Browns,6,1,3-2,1,San Francisco 49ers,19,17,18,334,174,160,2.0,15,215,107,108,1.0,-11.32,6.05,7.34,0.3495536052385033,0.0247406181585971
Cleveland Browns,7,1,4-2,0,Indianapolis Colts,39,38,18,316,166,150,2.0,20,456,288,168,4.0,-5.3,-1.77,10.23,0.3495536052385033,0.0247406181585971
Cleveland Browns,8,0,4-3,0,Seattle Seahawks,20,24,23,385,230,155,3.0,17,362,248,114,2.0,0.0,-6.04,-2.5,0.3495536052385033,0.0247406181585971
Cleveland Browns,9,1,5-3,1,Arizona Cardinals,27,0,17,326,213,113,1.0,7,58,17,41,3.0,0.59,35.86,-7.62,0.3495536052385033,0.0247406181585971
Cleveland Browns,10,1,6-3,0,Baltimore Ravens,33,31,24,373,195,178,2.0,18,306,200,106,2.0,6.32,-2.49,-1.1,0.3495536052385033,0.0247406181585971
Cleveland Browns,11,1,7-3,1,Pittsburgh Steelers,13,10,20,259,163,96,1.0,12,249,77,172,1.0,-6.18,6.04,1.74,0.3495536052385033,0.0247406181585971
Cleveland Browns,12,0,7-4,0,Denver Broncos,12,29,19,269,162,107,3.0,17,294,125,169,1.0,-14.0,-3.83,0.36,0.3495536052385033,0.0247406181585971
Cleveland Browns,13,0,7-5,0,Los Angeles Rams,19,36,20,327,240,87,1.0,20,399,279,120,1.0,-1.73,-16.49,1.43,0.3495536052385033,0.0247406181585971
Cleveland Browns,14,1,8-5,1,Jacksonville Jaguars,31,27,16,389,307,82,3.0,20,293,235,58,4.0,-8.29,8.51,5.12,0.3495536052385033,0.0247406181585971
Cleveland Browns,15,1,9-5,1,Chicago Bears,20,17,14,377,348,29,3.0,12,236,148,88,3.0,-20.66,20.51,3.15,0.3495536052385033,0.0247406181585971
Cleveland Browns,16,1,10-5,0,Houston Texans,36,22,26,418,364,54,2.0,20,250,178,72,2.0,12.38,9.69,-8.56,0.3495536052385033,0.0247406181585971
Cleveland Browns,17,1,11-5,1,New York Jets,37,20,20,428,301,127,3.0,17,360,253,107,2.0,3.15,7.73,3.99,0.3495536052385033,0.0247406181585971
Cleveland Browns,18,0,11-6,0,Cincinnati Bengals,14,31,13,244,140,104,2.0,22,328,145,183,1.0,-8.3,-8.81,1.32,0.3495536052385033,0.0247406181585971
Tampa Bay Buccaneers,1,1,1-0,0,Minnesota Vikings,20,17,16,242,169,73,1.0,18,369,328,41,3.0,-3.09,-0.1,7.66,0.3886076157044057,0.0287891105966973
Tampa Bay Buccaneers,2,1,2-0,1,Chicago Bears,27,17,19,437,317,120,1.0,14,236,169,67,2.0,14.15,7.04,-8.78,0.3886076157044057,0.0287891105966973
Tampa Bay Buccaneers,3,0,2-1,1,Philadelphia Eagles,11,25,12,174,133,41,2.0,27,472,271,201,2.0,-7.28,-14.08,1.78,0.3886076157044057,0.0287891105966973
Tampa Bay Buccaneers,4,1,3-1,0,New Orleans Saints,26,9,21,353,239,114,1.0,16,197,127,70,3.0,3.79,14.93,-2.25,0.3886076157044057,0.0287891105966973
Tampa Bay Buccaneers,6,0,3-2,1,Detroit Lions,6,20,13,251,205,46,1.0,19,380,340,40,1.0,-11.72,-8.54,6.91,0.3886076157044057,0.0287891105966973
Tampa Bay Buccaneers,7,0,3-3,1,Atlanta Falcons,13,16,21,329,256,73,2.0,20,401,245,156,3.0,-2.11,0.8,-1.89,0.3886076157044057,0.0287891105966973
Tampa Bay Buccaneers,8,0,3-4,0,Buffalo Bills,18,24,17,302,224,78,1.0,25,427,312,115,1.0,3.38,-9.78,1.24,0.3886076157044057,0.0287891105966973
Tampa Bay Buccaneers,9,0,3-5,0,Houston Texans,37,39,21,332,251,81,1.0,26,496,443,53,1.0,13.23,-16.65,5.81,0.3886076157044057,0.0287891105966973
Tampa Bay Buccaneers,10,1,4-5,1,Tennessee Titans,20,6,19,340,263,77,1.0,14,209,167,42,1.0,7.05,14.75,-4.53,0.3886076157044057,0.0287891105966973
Tampa Bay Buccaneers,11,0,4-6,0,San Francisco 49ers,14,27,22,287,221,66,2.0,22,420,305,115,1.0,-2.05,-14.22,2.57,0.3886076157044057,0.0287891105966973
Tampa Bay Buccaneers,12,0,4-7,0,Indianapolis Colts,20,27,17,298,173,125,2.0,26,394,239,155,1.0,-0.3,-10.81,-1.18,0.3886076157044057,0.0287891105966973
Tampa Bay Buccaneers,13,1,5-7,1,Carolina Panthers,21,18,15,322,194,128,1.0,15,282,149,133,1.0,1.83,4.36,-1.51,0.3886076157044057,0.0287891105966973
Tampa Bay Buccaneers,14,1,6-7,0,Atlanta Falcons,29,25,16,290,142,148,1.0,23,434,338,96,1.0,0.22,-7.82,9.28,0.3886076157044057,0.0287891105966973
Tampa Bay Buccaneers,15,1,7-7,0,Green Bay Packers,34,20,22,452,353,99,1.0,18,321,261,60,1.0,21.36,-5.02,0.81,0.3886076157044057,0.0287891105966973
Tampa Bay Buccaneers,16,1,8-7,1,Jacksonville Jaguars,30,12,22,335,265,70,1.0,23,305,268,37,4.0,8.09,9.43,4.78,0.3886076157044057,0.0287891105966973
Tampa Bay Buccaneers,17,0,8-8,1,New Orleans Saints,13,23,13,349,292,57,4.0,20,310,202,108,1.0,-3.93,-0.67,-5.28,0.3886076157044057,0.0287891105966973
Tampa Bay Buccaneers,18,1,9-8,0,Carolina Panthers,9,0,14,228,115,113,1.0,11,199,68,131,2.0,-7.74,13.18,6.13,0.3886076157044057,0.0287891105966973
Arizona Cardinals,1,0,0-1,0,Washington Commanders,16,20,13,210,114,96,2.0,21,248,156,92,3.0,-19.87,9.25,4.96,0.3222773127846305,0.0237986319543276
Arizona Cardinals,2,0,0-2,1,New York Giants,28,31,24,379,228,151,1.0,26,439,312,127,1.0,15.48,-16.76,-2.39,0.3222773127846305,0.0237986319543276
Arizona Cardinals,3,1,1-2,1,Dallas Cowboys,28,16,20,400,178,222,1.0,26,416,231,185,1.0,18.46,-6.78,1.14,0.3222773127846305,0.0237986319543276
Arizona Cardinals,4,0,1-3,0,San Francisco 49ers,16,35,23,362,257,105,1.0,30,395,271,124,1.0,9.72,-30.46,1.63,0.3222773127846305,0.0237986319543276
Arizona Cardinals,5,0,1-4,1,Cincinnati Bengals,20,34,15,294,152,142,3.0,27,380,287,93,1.0,-9.49,-4.11,-0.68,0.3222773127846305,0.0237986319543276
Arizona Cardinals,6,0,1-5,0,Los Angeles Rams,9,26,20,345,215,130,2.0,17,382,203,179,1.0,-12.85,-10.25,7.36,0.3222773127846305,0.0237986319543276
Arizona Cardinals,7,0,1-6,0,Seattle Seahawks,10,20,15,249,122,127,1.0,18,318,203,115,3.0,-10.34,-2.2,3.57,0.3222773127846305,0.0237986319543276
Arizona Cardinals,8,0,1-7,1,Baltimore Ravens,24,31,22,310,181,129,2.0,21,268,138,130,1.0,-3.72,-9.2,1.65,0.3222773127846305,0.0237986319543276
Arizona Cardinals,9,0,1-8,0,Cleveland Browns,0,27,7,58,17,41,3.0,17,326,213,113,1.0,-35.86,-0.59,7.62,0.3222773127846305,0.0237986319543276
Arizona Cardinals,10,1,2-8,1,Atlanta Falcons,25,23,20,352,230,122,1.0,20,254,70,184,1.0,0.59,-4.7,6.18,0.3222773127846305,0.0237986319543276
Arizona Cardinals,11,0,2-9,0,Houston Texans,16,21,20,319,196,123,2.0,22,419,308,111,3.0,-1.11,-4.22,0.49,0.3222773127846305,0.0237986319543276
Arizona Cardinals,12,0,2-10,1,Los Angeles Rams,14,37,19,292,219,73,1.0,25,457,229,228,1.0,-1.35,-22.85,4.78,0.3222773127846305,0.0237986319543276
Arizona Cardinals,13,1,3-10,0,Pittsburgh Steelers,24,10,18,282,132,150,1.0,18,317,187,130,1.0,6.39,2.22,7.39,0.3222773127846305,0.0237986319543276
Arizona Cardinals,15,0,3-11,1,San Francisco 49ers,29,45,22,436,202,234,2.0,24,406,262,144,1.0,5.83,-26.28,1.07,0.3222773127846305,0.0237986319543276
Arizona Cardinals,16,0,3-12,0,Chicago Bears,16,27,16,306,213,93,1.0,22,420,170,250,1.0,-4.06,-9.8,4.35,0.3222773127846305,0.0237986319543276
Arizona Cardinals,17,1,4-12,0,Philadelphia Eagles,35,31,32,449,228,221,1.0,17,275,184,91,1.0,21.16,-13.61,-3.99,0.3222773127846305,0.0237986319543276
Arizona Cardinals,18,0,4-13,1,Seattle Seahawks,20,21,24,466,260,206,1.0,18,327,189,138,1.0,18.03,-10.16,-6.27,0.3222773127846305,0.0237986319543276
Los Angeles Chargers,1,0,0-1,1,Miami Dolphins,34,36,30,433,200,233,1.0,30,536,466,70,2.0,18.83,-26.53,3.22,0.3947810717214657,0.0279934149672574
Los Angeles Chargers,2,0,0-2,0,Tennessee Titans,24,27,19,342,281,61,1.0,22,341,200,141,1.0,6.8,-9.86,0.06,0.3947810717214657,0.0279934149672574
Los Angeles Chargers,3,1,1-2,0,Minnesota Vikings,28,24,24,475,445,30,1.0,29,475,345,130,2.0,15.21,-8.26,-4.83,0.3947810717214657,0.0279934149672574
Los Angeles Chargers,4,1,2-2,1,Las Vegas Raiders,24,17,16,305,150,155,1.0,22,264,188,76,3.0,4.86,8.27,-6.07,0.3947810717214657,0.0279934149672574
Los Angeles Chargers,6,0,2-3,1,Dallas Cowboys,17,20,18,272,219,53,1.0,20,342,246,96,1.0,-1.3,-8.96,5.38,0.3947810717214657,0.0279934149672574
Los Angeles Chargers,7,0,2-4,0,Kansas City Chiefs,17,31,16,358,219,139,2.0,25,483,415,68,2.0,3.03,-19.19,2.58,0.3947810717214657,0.0279934149672574
Los Angeles Chargers,8,1,3-4,1,Chicago Bears,30,13,20,352,298,54,1.0,17,295,222,73,2.0,7.29,6.71,5.12,0.3947810717214657,0.0279934149672574
Los Angeles Chargers,9,1,4-4,0,New York Jets,27,6,14,191,107,84,1.0,17,270,206,64,3.0,-6.47,25.2,1.49,0.3947810717214657,0.0279934149672574
Los Angeles Chargers,10,0,4-5,1,Detroit Lions,38,41,24,421,323,98,1.0,23,533,333,200,1.0,25.22,-31.55,2.59,0.3947810717214657,0.0279934149672574
Los Angeles Chargers,11,0,4-6,0,Green Bay Packers,20,23,17,394,244,150,1.0,23,397,295,102,1.0,2.45,-12.8,4.58,0.3947810717214657,0.0279934149672574
Los Angeles Chargers,12,0,4-7,1,Baltimore Ravens,10,20,16,279,193,86,4.0,20,361,164,197,1.0,-16.16,-1.22,5.76,0.3947810717214657,0.0279934149672574
Los Angeles Chargers,13,1,5-7,0,New England Patriots,6,0,13,241,212,29,1.0,13,257,109,148,1.0,-9.06,13.06,4.71,0.3947810717214657,0.0279934149672574
Los Angeles Chargers,14,0,5-8,1,Denver Broncos,7,24,17,283,207,76,2.0,19,322,216,106,1.0,-21.6,1.17,2.39,0.3947810717214657,0.0279934149672574
Los Angeles Chargers,15,0,5-9,0,Las Vegas Raiders,21,63,18,326,234,92,5.0,20,378,254,124,1.0,-15.82,-22.25,-3.05,0.3947810717214657,0.0279934149672574
Los Angeles Chargers,16,0,5-10,1,Buffalo Bills,22,24,18,273,175,98,1.0,16,335,230,105,3.0,-4.02,-7.67,9.12,0.3947810717214657,0.0279934149672574
Los Angeles Chargers,17,0,5-11,0,Denver Broncos,9,16,17,301,215,86,1.0,16,313,212,101,1.0,-5.75,-2.08,-1.2,0.3947810717214657,0.0279934149672574
Los Angeles Chargers,18,0,5-12,1,Kansas City Chiefs,12,13,22,353,235,118,1.0,12,268,145,123,1.0,-8.89,3.31,1.81,0.3947810717214657,0.0279934149672574
Kansas City Chiefs,1,0,0-1,1,Detroit Lions,20,21,17,316,226,90,1.0,19,368,250,118,1.0,-4.17,-2.6,2.11,0.4410977862174515,0.0347111305531102
Kansas City Chiefs,2,1,1-1,0,Jacksonville Jaguars,17,9,19,399,298,101,3.0,18,271,197,74,1.0,7.01,10.72,-6.76,0.4410977862174515,0.0347111305531102
Kansas City Chiefs,3,1,2-1,1,Chicago Bears,41,10,31,456,303,153,2.0,11,203,87,116,2.0,20.09,13.6,-1.47,0.4410977862174515,0.0347111305531102
Kansas City Chiefs,4,1,3-1,0,New York Jets,23,20,24,401,197,204,2.0,18,336,228,108,1.0,10.22,-3.25,1.48,0.4410977862174515,0.0347111305531102
Kansas City Chiefs,5,1,4-1,0,Minnesota Vikings,27,20,21,333,266,67,1.0,24,329,259,70,1.0,15.55,-10.22,0.17,0.4410977862174515,0.0347111305531102
Kansas City Chiefs,6,1,5-1,1,Denver Broncos,19,8,22,389,293,96,1.0,14,197,82,115,3.0,1.99,13.65,-1.97,0.4410977862174515,0.0347111305531102
Kansas City Chiefs,7,1,6-1,1,Los Angeles Chargers,31,17,25,483,415,68,2.0,16,358,219,139,2.0,19.19,-3.03,-2.58,0.4410977862174515,0.0347111305531102
Kansas City Chiefs,8,0,6-2,0,Denver Broncos,9,24,18,274,212,62,5.0,19,240,87,153,1.0,-11.85,1.52,-4.12,0.4410977862174515,0.0347111305531102
Kansas City Chiefs,9,1,7-2,1,Miami Dolphins,21,14,16,267,174,93,1.0,20,292,175,117,1.0,-1.1,9.86,-1.0,0.4410977862174515,0.0347111305531102
Kansas City Chiefs,11,0,7-3,1,Philadelphia Eagles,17,21,23,336,168,168,2.0,16,238,124,114,1.0,-3.4,2.22,-3.61,0.4410977862174515,0.0347111305531102
Kansas City Chiefs,12,1,8-3,0,Las Vegas Raiders,31,17,23,360,291,69,1.0,16,358,235,123,1.0,14.0,-6.49,5.9,0.4410977862174515,0.0347111305531102
Kansas City Chiefs,13,0,8-4,0,Green Bay Packers,19,27,25,337,189,148,1.0,24,382,253,129,1.0,9.54,-19.21,0.96,0.4410977862174515,0.0347111305531102
Kansas City Chiefs,14,0,8-5,1,Buffalo Bills,17,20,21,346,264,82,2.0,21,327,209,118,1.0,-2.22,-1.78,-0.36,0.4410977862174515,0.0347111305531102
Kansas City Chiefs,15,1,9-5,0,New England Patriots,27,17,19,326,283,43,2.0,10,206,154,52,1.0,-5.95,16.05,-0.09,0.4410977862174515,0.0347111305531102
Kansas City Chiefs,16,0,9-6,1,Las Vegas Raiders,14,20,19,308,223,85,2.0,12,205,48,157,1.0,-11.63,8.4,-3.27,0.4410977862174515,0.0347111305531102
Kansas City Chiefs,17,1,10-6,1,Cincinnati Bengals,25,17,15,373,241,132,1.0,20,263,159,104,1.0,5.05,-1.31,3.55,0.4410977862174515,0.0347111305531102
Kansas City Chiefs,18,1,11-6,0,Los Angeles Chargers,13,12,12,268,145,123,1.0,22,353,235,118,1.0,-3.31,8.89,-1.81,0.4410977862174515,0.0347111305531102
Indianapolis Colts,1,0,0-1,1,Jacksonville Jaguars,21,31,18,280,215,65,3.0,20,342,237,105,2.0,-17.62,9.8,-2.44,0.3314527076052869,0.0236155557142351
Indianapolis Colts,2,1,1-1,0,Houston Texans,31,20,19,353,227,126,1.0,24,389,337,52,1.0,14.21,-7.88,4.04,0.3314527076052869,0.0236155557142351
Indianapolis Colts,3,1,2-1,0,Baltimore Ravens,22,19,19,327,188,139,1.0,20,364,178,186,2.0,-13.57,5.27,10.63,0.3314527076052869,0.0236155557142351
Indianapolis Colts,4,0,2-2,1,Los Angeles Rams,23,29,19,329,196,133,1.0,27,467,303,164,1.0,5.51,-15.52,0.74,0.3314527076052869,0.0236155557142351
Indianapolis Colts,5,1,3-2,1,Tennessee Titans,23,16,21,429,236,193,1.0,19,348,259,89,1.0,16.77,-6.32,-0.89,0.3314527076052869,0.0236155557142351
Indianapolis Colts,6,0,3-3,0,Jacksonville Jaguars,20,37,18,354,310,44,4.0,17,233,148,85,1.0,-12.21,0.16,-4.88,0.3314527076052869,0.0236155557142351
Indianapolis Colts,7,0,3-4,1,Cleveland Browns,38,39,20,456,288,168,4.0,18,316,166,150,2.0,1.77,5.3,-10.23,0.3314527076052869,0.0236155557142351
Indianapolis Colts,8,0,3-5,1,New Orleans Saints,27,38,19,371,207,164,1.0,24,511,350,161,1.0,8.38,-23.78,3.03,0.3314527076052869,0.0236155557142351
Indianapolis Colts,9,1,4-5,0,Carolina Panthers,27,13,17,198,120,78,1.0,17,275,137,138,3.0,-3.93,23.07,-2.92,0.3314527076052869,0.0236155557142351
Indianapolis Colts,10,1,5-5,0,New England Patriots,10,6,14,264,194,70,1.0,21,340,173,167,2.0,0.31,0.42,0.28,0.3314527076052869,0.0236155557142351
Indianapolis Colts,12,1,6-5,1,Tampa Bay Buccaneers,27,20,26,394,239,155,1.0,17,298,173,125,2.0,10.81,0.3,1.18,0.3314527076052869,0.0236155557142351
Indianapolis Colts,13,1,7-5,0,Tennessee Titans,31,28,19,355,300,55,2.0,25,381,204,177,2.0,2.48,-3.29,6.88,0.3314527076052869,0.0236155557142351
Indianapolis Colts,14,0,7-6,0,Cincinnati Bengals,14,34,19,272,226,46,2.0,19,385,274,111,1.0,-4.37,-6.86,-8.34,0.3314527076052869,0.0236155557142351
Indianapolis Colts,15,1,8-6,1,Pittsburgh Steelers,30,13,19,372,202,170,1.0,13,216,142,74,3.0,11.18,9.21,-3.34,0.3314527076052869,0.0236155557142351
Indianapolis Colts,16,0,8-7,0,Atlanta Falcons,10,29,20,262,170,92,1.0,23,406,229,177,1.0,-4.99,-13.44,1.88,0.3314527076052869,0.0236155557142351
Indianapolis Colts,17,1,9-7,1,Las Vegas Raiders,23,20,16,349,215,134,1.0,26,370,286,84,1.0,11.41,-8.69,1.73,0.3314527076052869,0.0236155557142351
Indianapolis Colts,18,0,9-8,1,Houston Texans,19,23,21,360,133,227,1.0,16,306,246,60,1.0,3.98,-5.93,1.85,0.3314527076052869,0.0236155557142351
Washington Commanders,1,1,1-0,1,Arizona Cardinals,20,16,21,248,156,92,3.0,13,210,114,96,2.0,-9.25,19.87,-4.96,0.3759750765018994,0.0269825562526506
Washington Commanders,2,1,2-0,0,Denver Broncos,35,33,26,388,266,122,1.0,21,399,277,122,2.0,16.73,-11.6,-3.13,0.3759750765018994,0.0269825562526506
Washington Commanders,3,0,2-1,1,Buffalo Bills,3,37,15,230,125,105,5.0,20,386,218,168,1.0,-23.07,-10.16,1.39,0.3759750765018994,0.0269825562526506
Washington Commanders,4,0,2-2,0,Philadelphia Eagles,31,34,26,365,258,107,1.0,23,415,311,104,1.0,17.68,-18.21,-2.47,0.3759750765018994,0.0269825562526506
Washington Commanders,5,0,2-3,1,Chicago Bears,20,40,23,388,359,29,2.0,18,451,273,178,1.0,4.63,-19.81,-0.51,0.3759750765018994,0.0269825562526506
Washington Commanders,6,1,3-3,0,Atlanta Falcons,24,16,13,193,121,72,1.0,25,402,296,106,3.0,-0.45,5.68,3.28,0.3759750765018994,0.0269825562526506
Washington Commanders,7,0,3-4,0,New York Giants,7,14,14,273,197,76,1.0,16,356,250,106,2.0,-16.05,3.64,8.94,0.3759750765018994,0.0269825562526506
Washington Commanders,8,0,3-5,1,Philadelphia Eagles,31,38,26,472,388,84,1.0,21,374,315,59,2.0,10.32,-15.23,-4.32,0.3759750765018994,0.0269825562526506
Washington Commanders,9,1,4-5,0,New England Patriots,20,17,23,432,308,124,2.0,18,327,220,107,1.0,3.37,-0.28,1.3,0.3759750765018994,0.0269825562526506
Washington Commanders,10,0,4-6,0,Seattle Seahawks,26,29,16,356,288,68,1.0,27,489,369,120,1.0,7.66,-15.28,2.61,0.3759750765018994,0.0269825562526506
Washington Commanders,11,0,4-7,1,New York Giants,19,31,28,404,230,174,6.0,13,292,201,91,1.0,-2.78,-0.33,-6.95,0.3759750765018994,0.0269825562526506
Washington Commanders,12,0,4-8,0,Dallas Cowboys,10,45,23,376,268,108,1.0,21,431,331,100,1.0,-9.65,-25.86,2.36,0.3759750765018994,0.0269825562526506
Washington Commanders,13,0,4-9,1,Miami Dolphins,15,45,11,245,107,138,1.0,20,406,283,123,1.0,-6.88,-25.98,0.52,0.3759750765018994,0.0269825562526506
Washington Commanders,15,0,4-10,0,Los Angeles Rams,20,28,14,297,218,79,1.0,23,445,249,196,2.0,-2.14,-8.81,3.33,0.3759750765018994,0.0269825562526506
Washington Commanders,16,0,4-11,0,New York Jets,28,30,18,245,143,102,3.0,26,381,217,164,2.0,-3.65,15.58,-8.61,0.3759750765018994,0.0269825562526506
Washington Commanders,17,0,4-12,1,San Francisco 49ers,10,27,12,225,163,62,2.0,28,408,224,184,1.0,-6.62,-16.3,3.5,0.3759750765018994,0.0269825562526506
Washington Commanders,18,0,4-13,1,Dallas Cowboys,10,38,12,180,130,50,3.0,31,440,309,131,1.0,-9.84,-25.23,7.97,0.3759750765018994,0.0269825562526506
Dallas Cowboys,1,1,1-0,0,New York Giants,40,0,18,265,143,122,1.0,14,171,63,108,3.0,9.37,27.25,5.36,0.3943813225068949,0.0310322444640687
Dallas Cowboys,2,1,2-0,1,New York Jets,30,10,26,382,248,134,1.0,12,215,151,64,4.0,7.01,14.82,-2.25,0.3943813225068949,0.0310322444640687
Dallas Cowboys,3,0,2-1,0,Arizona Cardinals,16,28,26,416,231,185,1.0,20,400,178,222,1.0,6.78,-18.46,-1.14,0.3943813225068949,0.0310322444640687
Dallas Cowboys,4,1,3-1,1,New England Patriots,38,3,22,377,253,124,1.0,10,253,200,53,3.0,8.01,26.22,0.2,0.3943813225068949,0.0310322444640687
Dallas Cowboys,5,0,3-2,0,San Francisco 49ers,10,42,8,197,140,57,4.0,25,421,251,170,1.0,-23.12,-12.84,5.21,0.3943813225068949,0.0310322444640687
Dallas Cowboys,6,1,4-2,0,Los Angeles Chargers,20,17,20,342,246,96,1.0,18,272,219,53,1.0,8.96,1.3,-5.38,0.3943813225068949,0.0310322444640687
Dallas Cowboys,8,1,5-2,1,Los Angeles Rams,43,20,24,387,285,102,1.0,15,280,188,92,1.0,15.46,8.68,1.87,0.3943813225068949,0.0310322444640687
Dallas Cowboys,9,0,5-3,0,Philadelphia Eagles,23,28,27,406,333,73,1.0,20,292,183,109,1.0,10.9,-15.0,-2.75,0.3943813225068949,0.0310322444640687
Dallas Cowboys,10,1,6-3,1,New York Giants,49,17,32,640,472,168,2.0,16,172,61,111,1.0,31.0,8.61,-8.0,0.3943813225068949,0.0310322444640687
Dallas Cowboys,11,1,7-3,0,Carolina Panthers,33,10,23,311,204,107,1.0,13,187,77,110,2.0,14.98,13.81,-6.04,0.3943813225068949,0.0310322444640687
Dallas Cowboys,12,1,8-3,1,Washington Commanders,45,10,21,431,331,100,1.0,23,376,268,108,1.0,25.86,9.65,-2.36,0.3943813225068949,0.0310322444640687
Dallas Cowboys,13,1,9-3,1,Seattle Seahawks,41,35,33,411,275,136,1.0,25,406,334,72,1.0,24.14,-20.82,3.78,0.3943813225068949,0.0310322444640687
Dallas Cowboys,14,1,10-3,1,Philadelphia Eagles,33,13,24,394,256,138,1.0,17,324,218,106,3.0,10.85,4.61,2.77,0.3943813225068949,0.0310322444640687
Dallas Cowboys,15,0,10-4,0,Buffalo Bills,10,31,14,195,106,89,1.0,28,351,85,266,1.0,-3.23,-19.98,3.82,0.3943813225068949,0.0310322444640687
Dallas Cowboys,16,0,10-5,0,Miami Dolphins,20,22,19,339,242,97,1.0,22,375,284,91,1.0,8.66,-6.06,-4.74,0.3943813225068949,0.0310322444640687
Dallas Cowboys,17,1,11-5,1,Detroit Lions,20,19,17,384,323,61,2.0,21,420,295,125,2.0,0.39,0.45,1.92,0.3943813225068949,0.0310322444640687
Dallas Cowboys,18,1,12-5,0,Washington Commanders,38,10,31,440,309,131,1.0,12,180,130,50,3.0,25.23,9.84,-7.97,0.3943813225068949,0.0310322444640687
Miami Dolphins,1,1,1-0,0,Los Angeles Chargers,36,34,30,536,466,70,2.0,30,433,200,233,1.0,26.53,-18.83,-3.22,0.3767109378604588,0.029921033482624
Miami Dolphins,2,1,2-0,0,New England Patriots,24,17,22,389,244,145,1.0,23,288,200,88,2.0,13.09,0.98,-7.69,0.3767109378604588,0.029921033482624
Miami Dolphins,3,1,3-0,1,Denver Broncos,70,20,30,726,376,350,1.0,16,363,294,69,3.0,48.65,13.39,-12.38,0.3767109378604588,0.029921033482624
Miami Dolphins,4,0,3-1,0,Buffalo Bills,20,48,20,393,251,142,2.0,24,414,310,104,1.0,-2.09,-27.56,1.37,0.3767109378604588,0.029921033482624
Miami Dolphins,5,1,4-1,1,New York Giants,31,16,22,524,302,222,3.0,15,268,183,85,1.0,10.45,6.46,-1.72,0.3767109378604588,0.029921033482624
Miami Dolphins,6,1,5-1,1,Carolina Panthers,42,21,23,424,262,162,1.0,21,296,188,108,1.0,14.79,6.44,-0.33,0.3767109378604588,0.029921033482624
Miami Dolphins,7,0,5-2,0,Philadelphia Eagles,17,31,12,244,199,45,1.0,26,355,256,99,2.0,-7.17,-11.06,2.9,0.3767109378604588,0.029921033482624
Miami Dolphins,8,1,6-2,1,New England Patriots,31,17,24,390,312,78,2.0,13,218,141,77,1.0,10.64,9.73,-3.59,0.3767109378604588,0.029921033482624
Miami Dolphins,9,0,6-3,0,Kansas City Chiefs,14,21,20,292,175,117,1.0,16,267,174,93,1.0,-9.86,1.1,1.0,0.3767109378604588,0.029921033482624
Miami Dolphins,11,1,7-3,1,Las Vegas Raiders,20,13,21,422,323,99,3.0,12,296,260,36,3.0,1.48,15.77,-8.12,0.3767109378604588,0.029921033482624
Miami Dolphins,12,1,8-3,0,New York Jets,34,13,22,395,228,167,3.0,12,159,130,29,2.0,3.64,20.96,-2.09,0.3767109378604588,0.029921033482624
Miami Dolphins,13,1,9-3,0,Washington Commanders,45,15,20,406,283,123,1.0,11,245,107,138,1.0,25.98,6.88,-0.52,0.3767109378604588,0.029921033482624
Miami Dolphins,14,0,9-4,1,Tennessee Titans,27,28,20,366,208,158,1.0,22,403,320,83,3.0,-0.67,-1.86,0.42,0.3767109378604588,0.029921033482624
Miami Dolphins,15,1,10-4,1,New York Jets,30,0,16,290,213,77,1.0,11,103,80,23,4.0,4.37,28.99,-5.48,0.3767109378604588,0.029921033482624
Miami Dolphins,16,1,11-4,1,Dallas Cowboys,22,20,22,375,284,91,1.0,19,339,242,97,1.0,6.06,-8.66,4.74,0.3767109378604588,0.029921033482624
Miami Dolphins,17,0,11-5,0,Baltimore Ravens,19,56,20,375,221,154,3.0,24,491,331,160,1.0,-10.36,-31.09,1.21,0.3767109378604588,0.029921033482624
Miami Dolphins,18,0,11-6,1,Buffalo Bills,14,21,16,275,167,108,2.0,26,473,345,128,3.0,3.92,-12.65,-3.03,0.3767109378604588,0.029921033482624
Philadelphia Eagles,1,1,1-0,0,New England Patriots,25,20,17,251,154,97,1.0,24,382,306,76,2.0,-10.42,12.04,4.39,0.4140025252259077,0.031574645032744
Philadelphia Eagles,2,1,2-0,1,Minnesota Vikings,34,28,24,430,171,259,1.0,19,374,346,28,4.0,14.53,-7.44,-0.51,0.4140025252259077,0.031574645032744
Philadelphia Eagles,3,1,3-0,0,Tampa Bay Buccaneers,25,11,27,472,271,201,2.0,12,174,133,41,2.0,14.08,7.28,-1.78,0.4140025252259077,0.031574645032744
Philadelphia Eagles,4,1,4-0,1,Washington Commanders,34,31,23,415,311,104,1.0,26,365,258,107,1.0,18.21,-17.68,2.47,0.4140025252259077,0.031574645032744
Philadelphia Eagles,5,1,5-0,0,Los Angeles Rams,23,14,28,454,295,159,1.0,17,249,195,54,1.0,16.56,-6.25,-2.84,0.4140025252259077,0.031574645032744
Philadelphia Eagles,6,0,5-1,0,New York Jets,14,20,24,348,268,80,4.0,17,244,155,89,1.0,-5.91,7.52,-8.89,0.4140025252259077,0.031574645032744
Philadelphia Eagles,7,1,6-1,1,Miami Dolphins,31,17,26,355,256,99,2.0,12,244,199,45,1.0,11.06,7.17,-2.9,0.4140025252259077,0.031574645032744
Philadelphia Eagles,8,1,7-1,0,Washington Commanders,38,31,21,374,315,59,2.0,26,472,388,84,1.0,15.23,-10.32,4.32,0.4140025252259077,0.031574645032744
Philadelphia Eagles,9,1,8-1,1,Dallas Cowboys,28,23,20,292,183,109,1.0,27,406,333,73,1.0,15.0,-10.9,2.75,0.4140025252259077,0.031574645032744
Philadelphia Eagles,11,1,9-1,0,Kansas City Chiefs,21,17,16,238,124,114,1.0,23,336,168,168,2.0,-2.22,3.4,3.61,0.4140025252259077,0.031574645032744
Philadelphia Eagles,12,1,10-1,1,Buffalo Bills,37,34,24,378,193,185,2.0,29,505,332,173,1.0,7.6,-13.85,9.18,0.4140025252259077,0.031574645032744
Philadelphia Eagles,13,0,10-2,1,San Francisco 49ers,19,42,23,333,287,46,1.0,24,456,310,146,1.0,6.22,-33.55,2.11,0.4140025252259077,0.031574645032744
Philadelphia Eagles,14,0,10-3,0,Dallas Cowboys,13,33,17,324,218,106,3.0,24,394,256,138,1.0,-4.61,-10.85,-2.77,0.4140025252259077,0.031574645032744
Philadelphia Eagles,15,0,10-4,0,Seattle Seahawks,17,20,23,321,143,178,2.0,16,297,197,100,1.0,5.2,-6.27,0.39,0.4140025252259077,0.031574645032744
Philadelphia Eagles,16,1,11-4,1,New York Giants,33,25,28,465,295,170,2.0,14,292,186,106,1.0,10.41,0.93,-3.34,0.4140025252259077,0.031574645032744
Philadelphia Eagles,17,0,11-5,1,Arizona Cardinals,31,35,17,275,184,91,1.0,32,449,228,221,1.0,13.61,-21.16,3.99,0.4140025252259077,0.031574645032744
Philadelphia Eagles,18,0,11-6,0,New York Giants,10,27,19,299,166,133,4.0,22,415,306,109,1.0,-14.58,-7.04,4.08,0.4140025252259077,0.031574645032744
Atlanta Falcons,1,1,1-0,1,Carolina Panthers,24,10,13,221,91,130,1.0,20,281,127,154,3.0,-2.92,16.61,-0.2,0.3435943359760307,0.022529320630327
Atlanta Falcons,2,1,2-0,1,Green Bay Packers,25,24,27,446,235,211,1.0,17,224,140,84,1.0,13.12,-7.85,-0.97,0.3435943359760307,0.022529320630327
Atlanta Falcons,3,0,2-1,0,Detroit Lions,6,20,16,183,139,44,1.0,18,358,243,115,1.0,-15.09,-1.31,0.59,0.3435943359760307,0.022529320630327
Atlanta Falcons,4,0,2-2,0,Jacksonville Jaguars,7,23,17,287,160,127,3.0,16,300,195,105,1.0,-15.78,-0.72,0.86,0.3435943359760307,0.022529320630327
Atlanta Falcons,5,1,3-2,1,Houston Texans,21,19,26,447,351,96,2.0,17,313,249,64,1.0,6.01,-2.73,-1.01,0.3435943359760307,0.022529320630327
Atlanta Falcons,6,0,3-3,1,Washington Commanders,16,24,25,402,296,106,3.0,13,193,121,72,1.0,-5.68,0.45,-3.28,0.3435943359760307,0.022529320630327
Atlanta Falcons,7,1,4-3,0,Tampa Bay Buccaneers,16,13,20,401,245,156,3.0,21,329,256,73,2.0,-0.8,2.11,1.89,0.3435943359760307,0.022529320630327
Atlanta Falcons,8,0,4-4,0,Tennessee Titans,23,28,17,342,202,140,1.0,17,375,226,149,1.0,-3.34,-4.14,-0.17,0.3435943359760307,0.022529320630327
Atlanta Falcons,9,0,4-5,1,Minnesota Vikings,28,31,18,370,260,110,2.0,23,363,217,146,2.0,-3.4,-1.9,3.43,0.3435943359760307,0.022529320630327
Atlanta Falcons,10,0,4-6,0,Arizona Cardinals,23,25,20,254,70,184,1.0,20,352,230,122,1.0,4.7,-0.59,-6.18,0.3435943359760307,0.022529320630327
Atlanta Falcons,12,1,5-6,1,New Orleans Saints,24,15,25,396,168,228,2.0,22,444,296,148,2.0,7.53,3.48,-0.04,0.3435943359760307,0.022529320630327
Atlanta Falcons,13,1,6-6,0,New York Jets,13,8,15,194,104,90,1.0,14,259,197,62,3.0,-11.41,20.36,-1.05,0.3435943359760307,0.022529320630327
Atlanta Falcons,14,0,6-7,1,Tampa Bay Buccaneers,25,29,23,434,338,96,1.0,16,290,142,148,1.0,7.82,-0.22,-9.28,0.3435943359760307,0.022529320630327
Atlanta Falcons,15,0,6-8,0,Carolina Panthers,7,9,12,204,152,52,2.0,17,283,154,129,1.0,-10.46,9.24,-0.79,0.3435943359760307,0.022529320630327
Atlanta Falcons,16,1,7-8,1,Indianapolis Colts,29,10,23,406,229,177,1.0,20,262,170,92,1.0,13.44,4.99,-1.88,0.3435943359760307,0.022529320630327
Atlanta Falcons,17,0,7-9,0,Chicago Bears,17,37,15,307,173,134,4.0,22,432,240,192,1.0,-4.29,-10.27,-7.6,0.3435943359760307,0.022529320630327
Atlanta Falcons,18,0,7-10,0,New Orleans Saints,17,48,14,389,311,78,3.0,27,400,246,154,1.0,-11.97,-20.65,3.08,0.3435943359760307,0.022529320630327
New York Giants,1,0,0-1,1,Dallas Cowboys,0,40,14,171,63,108,3.0,18,265,143,122,1.0,-27.25,-9.37,-5.36,0.3424435421847624,0.023735650334843
New York Giants,2,1,1-1,0,Arizona Cardinals,31,28,26,439,312,127,1.0,24,379,228,151,1.0,16.76,-15.48,2.39,0.3424435421847624,0.023735650334843
New York Giants,3,0,1-2,0,San Francisco 49ers,12,30,10,150,121,29,1.0,26,441,300,141,1.0,-11.82,-19.0,9.72,0.3424435421847624,0.023735650334843
New York Giants,4,0,1-3,1,Seattle Seahawks,3,24,17,248,136,112,3.0,13,281,160,121,1.0,-29.37,7.86,-0.33,0.3424435421847624,0.023735650334843
New York Giants,5,0,1-4,0,Miami Dolphins,16,31,15,268,183,85,1.0,22,524,302,222,3.0,-6.46,-10.45,1.72,0.3424435421847624,0.023735650334843
New York Giants,6,0,1-5,0,Buffalo Bills,9,14,20,317,185,132,1.0,22,297,169,128,2.0,3.02,-2.9,6.7,0.3424435421847624,0.023735650334843
New York Giants,7,1,2-5,1,Washington Commanders,14,7,16,356,250,106,2.0,14,273,197,76,1.0,-3.64,16.05,-8.94,0.3424435421847624,0.023735650334843
New York Giants,8,0,2-6,1,New York Jets,10,13,12,194,-9,203,1.0,12,251,193,58,2.0,-20.38,20.78,-1.41,0.3424435421847624,0.023735650334843
New York Giants,9,0,2-7,0,Las Vegas Raiders,6,30,15,277,154,123,2.0,15,334,209,125,1.0,-18.96,-1.99,-1.85,0.3424435421847624,0.023735650334843
New York Giants,10,0,2-8,0,Dallas Cowboys,17,49,16,172,61,111,1.0,32,640,472,168,2.0,-8.61,-31.0,8.0,0.3424435421847624,0.023735650334843
New York Giants,11,1,3-8,0,Washington Commanders,31,19,13,292,201,91,1.0,28,404,230,174,6.0,0.33,2.78,6.95,0.3424435421847624,0.023735650334843
New York Giants,12,1,4-8,1,New England Patriots,10,7,10,220,162,58,1.0,18,283,136,147,3.0,-12.44,12.51,2.86,0.3424435421847624,0.023735650334843
New York Giants,14,1,5-8,1,Green Bay Packers,24,22,18,367,158,209,2.0,19,326,203,123,3.0,2.39,-0.04,-0.2,0.3424435421847624,0.023735650334843
New York Giants,15,0,5-9,0,New Orleans Saints,6,24,12,193,133,60,1.0,20,296,209,87,1.0,-15.39,-8.51,7.4,0.3424435421847624,0.023735650334843
New York Giants,16,0,5-10,0,Philadelphia Eagles,25,33,14,292,186,106,1.0,28,465,295,170,2.0,-0.93,-10.41,3.34,0.3424435421847624,0.023735650334843
New York Giants,17,0,5-11,1,Los Angeles Rams,25,26,17,389,284,105,1.0,22,391,286,105,3.0,-4.35,-2.7,4.87,0.3424435421847624,0.023735650334843
New York Giants,18,1,6-11,1,Philadelphia Eagles,27,10,22,415,306,109,1.0,19,299,166,133,4.0,7.04,14.58,-4.08,0.3424435421847624,0.023735650334843
Jacksonville Jaguars,1,1,1-0,0,Indianapolis Colts,31,21,20,342,237,105,2.0,18,280,215,65,3.0,-9.8,17.62,2.44,0.40193553470392,0.0294127040767862
Jacksonville Jaguars,2,0,1-1,1,Kansas City Chiefs,9,17,18,271,197,74,1.0,19,399,298,101,3.0,-10.72,-7.01,6.76,0.40193553470392,0.0294127040767862
Jacksonville Jaguars,3,0,1-2,1,Houston Texans,17,37,22,404,288,116,2.0,15,366,280,86,1.0,3.88,-13.65,-10.46,0.40193553470392,0.0294127040767862
Jacksonville Jaguars,4,1,2-2,1,Atlanta Falcons,23,7,16,300,195,105,1.0,17,287,160,127,3.0,0.72,15.78,-0.86,0.40193553470392,0.0294127040767862
Jacksonville Jaguars,5,1,3-2,0,Buffalo Bills,25,20,29,474,278,196,2.0,18,388,359,29,2.0,13.93,-6.27,2.21,0.40193553470392,0.0294127040767862
Jacksonville Jaguars,6,1,4-2,1,Indianapolis Colts,37,20,17,233,148,85,1.0,18,354,310,44,4.0,-0.16,12.21,4.88,0.40193553470392,0.0294127040767862
Jacksonville Jaguars,7,1,5-2,0,New Orleans Saints,31,24,18,330,217,113,2.0,25,407,295,112,1.0,2.64,4.83,-1.15,0.40193553470392,0.0294127040767862
Jacksonville Jaguars,8,1,6-2,0,Pittsburgh Steelers,20,10,20,377,271,106,3.0,17,261,191,70,2.0,-2.59,3.68,2.01,0.40193553470392,0.0294127040767862
Jacksonville Jaguars,10,0,6-3,1,San Francisco 49ers,3,34,12,221,162,59,4.0,20,437,293,144,1.0,-18.16,-15.13,3.53,0.40193553470392,0.0294127040767862
Jacksonville Jaguars,11,1,7-3,1,Tennessee Titans,34,14,24,389,261,128,1.0,12,235,143,92,2.0,21.06,-3.96,2.84,0.40193553470392,0.0294127040767862
Jacksonville Jaguars,12,1,8-3,0,Houston Texans,24,21,22,445,364,81,1.0,19,352,261,91,1.0,13.92,-8.2,3.64,0.40193553470392,0.0294127040767862
Jacksonville Jaguars,13,0,8-4,1,Cincinnati Bengals,31,34,23,376,305,71,1.0,27,491,335,156,1.0,13.98,-17.41,-0.31,0.40193553470392,0.0294127040767862
Jacksonville Jaguars,14,0,8-5,0,Cleveland Browns,27,31,20,293,235,58,4.0,16,389,307,82,3.0,-8.51,8.29,-5.12,0.40193553470392,0.0294127040767862
Jacksonville Jaguars,15,0,8-6,1,Baltimore Ravens,7,23,16,333,258,75,2.0,25,396,145,251,1.0,-3.03,-8.41,-2.47,0.40193553470392,0.0294127040767862
Jacksonville Jaguars,16,0,8-7,0,Tampa Bay Buccaneers,12,30,23,305,268,37,4.0,22,335,265,70,1.0,-9.43,-8.09,-4.78,0.40193553470392,0.0294127040767862
Jacksonville Jaguars,17,1,9-7,1,Carolina Panthers,26,0,16,317,162,155,1.0,7,124,67,57,1.0,6.77,24.8,-4.36,0.40193553470392,0.0294127040767862
Jacksonville Jaguars,18,0,9-8,0,Tennessee Titans,20,28,20,362,280,82,2.0,19,327,152,175,1.0,-0.86,-7.12,-0.99,0.40193553470392,0.0294127040767862
New York Jets,1,1,1-0,1,Buffalo Bills,22,16,13,289,117,172,1.0,19,314,217,97,4.0,-1.19,4.85,2.27,0.3931047288094941,0.0280869541734492
New York Jets,2,0,1-1,0,Dallas Cowboys,10,30,12,215,151,64,4.0,26,382,248,134,1.0,-14.82,-7.01,2.25,0.3931047288094941,0.0280869541734492
New York Jets,3,0,1-2,1,New England Patriots,10,15,12,171,133,38,1.0,17,358,201,157,1.0,-15.2,2.13,6.78,0.3931047288094941,0.0280869541734492
New York Jets,4,0,1-3,1,Kansas City Chiefs,20,23,18,336,228,108,1.0,24,401,197,204,2.0,3.25,-10.22,-1.48,0.3931047288094941,0.0280869541734492
New York Jets,5,1,2-3,0,Denver Broncos,31,21,18,407,173,234,2.0,18,308,169,139,3.0,5.79,6.26,2.75,0.3931047288094941,0.0280869541734492
New York Jets,6,1,3-3,1,Philadelphia Eagles,20,14,17,244,155,89,1.0,24,348,268,80,4.0,-7.52,5.91,8.89,0.3931047288094941,0.0280869541734492
New York Jets,8,1,4-3,0,New York Giants,13,10,12,251,193,58,2.0,12,194,-9,203,1.0,-20.78,20.38,1.41,0.3931047288094941,0.0280869541734492
New York Jets,9,0,4-4,1,Los Angeles Chargers,6,27,17,270,206,64,3.0,14,191,107,84,1.0,-25.2,6.47,-1.49,0.3931047288094941,0.0280869541734492
New York Jets,10,0,4-5,0,Las Vegas Raiders,12,16,14,365,257,108,1.0,15,274,126,148,2.0,-7.21,8.01,-3.38,0.3931047288094941,0.0280869541734492
New York Jets,11,0,4-6,0,Buffalo Bills,6,32,14,155,92,63,4.0,22,393,263,130,1.0,-15.34,-14.64,-1.82,0.3931047288094941,0.0280869541734492
New York Jets,12,0,4-7,1,Miami Dolphins,13,34,12,159,130,29,2.0,22,395,228,167,3.0,-20.96,-3.64,2.09,0.3931047288094941,0.0280869541734492
New York Jets,13,0,4-8,1,Atlanta Falcons,8,13,14,259,197,62,3.0,15,194,104,90,1.0,-20.36,11.41,1.05,0.3931047288094941,0.0280869541734492
New York Jets,14,1,5-8,1,Houston Texans,30,6,20,347,268,79,1.0,10,135,54,81,1.0,2.85,22.37,-3.08,0.3931047288094941,0.0280869541734492
New York Jets,15,0,5-9,0,Miami Dolphins,0,30,11,103,80,23,4.0,16,290,213,77,1.0,-28.99,-4.37,5.48,0.3931047288094941,0.0280869541734492
New York Jets,16,1,6-9,1,Washington Commanders,30,28,26,381,217,164,2.0,18,245,143,102,3.0,-15.58,3.65,8.61,0.3931047288094941,0.0280869541734492
New York Jets,17,0,6-10,0,Cleveland Browns,20,37,17,360,253,107,2.0,20,428,301,127,3.0,-7.73,-3.15,-3.99,0.3931047288094941,0.0280869541734492
New York Jets,18,1,7-10,0,New England Patriots,17,3,13,254,69,185,1.0,6,119,31,88,2.0,-10.78,27.43,-3.32,0.3931047288094941,0.0280869541734492
Detroit Lions,1,1,1-0,0,Kansas City Chiefs,21,20,19,368,250,118,1.0,17,316,226,90,1.0,2.6,4.17,-2.11,0.3594351992555623,0.0259793046888257
Detroit Lions,2,0,1-1,1,Seattle Seahawks,31,37,25,418,316,102,3.0,28,393,311,82,1.0,4.65,-18.0,7.35,0.3594351992555623,0.0259793046888257
Detroit Lions,3,1,2-1,1,Atlanta Falcons,20,6,18,358,243,115,1.0,16,183,139,44,1.0,1.31,15.09,-0.59,0.3594351992555623,0.0259793046888257
Detroit Lions,4,1,3-1,0,Green Bay Packers,34,20,25,401,190,211,1.0,15,230,203,27,2.0,8.47,8.6,2.13,0.3594351992555623,0.0259793046888257
Detroit Lions,5,1,4-1,1,Carolina Panthers,42,24,23,377,218,159,1.0,26,342,243,99,3.0,21.57,-4.1,0.86,0.3594351992555623,0.0259793046888257
Detroit Lions,6,1,5-1,0,Tampa Bay Buccaneers,20,6,19,380,340,40,1.0,13,251,205,46,1.0,8.54,11.72,-6.91,0.3594351992555623,0.0259793046888257
Detroit Lions,7,0,5-2,0,Baltimore Ravens,6,38,18,337,253,84,1.0,23,503,357,146,1.0,-6.4,-26.48,3.38,0.3594351992555623,0.0259793046888257
Detroit Lions,8,1,6-2,1,Las Vegas Raiders,26,14,29,486,264,222,3.0,12,157,77,80,1.0,0.57,15.25,-2.81,0.3594351992555623,0.0259793046888257
Detroit Lions,10,1,7-2,0,Los Angeles Chargers,41,38,23,533,333,200,1.0,24,421,323,98,1.0,31.55,-25.22,-2.59,0.3594351992555623,0.0259793046888257
Detroit Lions,11,1,8-2,1,Chicago Bears,31,26,23,338,223,115,4.0,25,334,151,183,1.0,11.72,-4.18,-1.3,0.3594351992555623,0.0259793046888257
Detroit Lions,12,0,8-3,1,Green Bay Packers,22,29,25,464,324,140,3.0,17,377,268,109,1.0,-1.02,-9.91,-1.64,0.3594351992555623,0.0259793046888257
Detroit Lions,13,1,9-3,0,New Orleans Saints,33,28,18,347,205,142,1.0,23,362,249,113,2.0,9.55,-6.28,2.62,0.3594351992555623,0.0259793046888257
Detroit Lions,14,0,9-4,0,Chicago Bears,13,28,13,267,127,140,3.0,20,336,194,142,1.0,-10.07,-3.69,0.72,0.3594351992555623,0.0259793046888257
Detroit Lions,15,1,10-4,1,Denver Broncos,42,17,29,448,263,185,1.0,20,287,204,83,1.0,29.35,-3.2,-3.14,0.3594351992555623,0.0259793046888257
Detroit Lions,16,1,11-4,0,Minnesota Vikings,30,24,28,389,246,143,1.0,19,390,373,17,4.0,15.44,-11.43,0.61,0.3594351992555623,0.0259793046888257
Detroit Lions,17,0,11-5,0,Dallas Cowboys,19,20,21,420,295,125,2.0,17,384,323,61,2.0,-0.45,-0.39,-1.92,0.3594351992555623,0.0259793046888257
Detroit Lions,18,1,12-5,1,Minnesota Vikings,30,20,19,381,311,70,1.0,24,448,359,89,2.0,17.81,-4.55,1.13,0.3594351992555623,0.0259793046888257
Green Bay Packers,1,1,1-0,0,Chicago Bears,38,20,15,329,237,92,1.0,22,311,189,122,2.0,8.05,6.45,2.11,0.3446148193181726,0.0254882978981187
Green Bay Packers,2,0,1-1,0,Atlanta Falcons,24,25,17,224,140,84,1.0,27,446,235,211,1.0,7.85,-13.12,0.97,0.3446148193181726,0.0254882978981187
Green Bay Packers,3,1,2-1,1,New Orleans Saints,18,17,21,340,245,95,1.0,15,252,175,77,1.0,1.99,3.02,-6.26,0.3446148193181726,0.0254882978981187
Green Bay Packers,4,0,2-2,1,Detroit Lions,20,34,15,230,203,27,2.0,25,401,190,211,1.0,-8.6,-8.47,-2.13,0.3446148193181726,0.0254882978981187
Green Bay Packers,5,0,2-3,0,Las Vegas Raiders,13,17,18,285,175,110,3.0,19,279,183,96,1.0,-6.99,1.23,5.61,0.3446148193181726,0.0254882978981187
Green Bay Packers,7,0,2-4,0,Denver Broncos,17,19,20,331,194,137,1.0,18,339,194,145,1.0,11.33,-9.89,-2.65,0.3446148193181726,0.0254882978981187
Green Bay Packers,8,0,2-5,1,Minnesota Vikings,10,24,16,270,196,74,1.0,24,346,284,62,1.0,-10.54,-13.6,9.64,0.3446148193181726,0.0254882978981187
Green Bay Packers,9,1,3-5,1,Los Angeles Rams,20,3,21,391,207,184,2.0,10,187,119,68,2.0,2.46,20.49,-1.58,0.3446148193181726,0.0254882978981187
Green Bay Packers,10,0,3-6,0,Pittsburgh Steelers,19,23,17,399,283,116,2.0,21,324,119,205,1.0,8.81,-7.06,-3.18,0.3446148193181726,0.0254882978981187
Green Bay Packers,11,1,4-6,1,Los Angeles Chargers,23,20,23,397,295,102,1.0,17,394,244,150,1.0,12.8,-2.45,-4.58,0.3446148193181726,0.0254882978981187
Green Bay Packers,12,1,5-6,0,Detroit Lions,29,22,17,377,268,109,1.0,25,464,324,140,3.0,9.91,1.02,1.64,0.3446148193181726,0.0254882978981187
Green Bay Packers,13,1,6-6,1,Kansas City Chiefs,27,19,24,382,253,129,1.0,25,337,189,148,1.0,19.21,-9.54,-0.96,0.3446148193181726,0.0254882978981187
Green Bay Packers,14,0,6-7,0,New York Giants,22,24,19,326,203,123,3.0,18,367,158,209,2.0,0.04,-2.39,0.2,0.3446148193181726,0.0254882978981187
Green Bay Packers,15,0,6-8,1,Tampa Bay Buccaneers,20,34,18,321,261,60,1.0,22,452,353,99,1.0,5.02,-21.36,-0.81,0.3446148193181726,0.0254882978981187
Green Bay Packers,16,1,7-8,0,Carolina Panthers,33,30,25,369,207,162,1.0,26,394,298,96,1.0,19.16,-20.51,1.99,0.3446148193181726,0.0254882978981187
Green Bay Packers,17,1,8-8,0,Minnesota Vikings,33,10,28,470,293,177,1.0,13,211,144,67,2.0,22.54,14.27,-12.19,0.3446148193181726,0.0254882978981187
Green Bay Packers,18,1,9-8,1,Chicago Bears,17,9,24,432,308,124,1.0,13,192,117,75,1.0,20.31,1.05,-8.08,0.3446148193181726,0.0254882978981187
Carolina Panthers,1,0,0-1,0,Atlanta Falcons,10,24,20,281,127,154,3.0,13,221,91,130,1.0,-16.61,2.92,0.2,0.3291236659025375,0.0239275063705513
Carolina Panthers,2,0,0-2,1,New Orleans Saints,17,20,14,239,139,100,1.0,23,341,207,134,1.0,-6.94,-3.81,6.1,0.3291236659025375,0.0239275063705513
Carolina Panthers,3,0,0-3,0,Seattle Seahawks,27,37,23,378,334,44,1.0,27,425,279,146,1.0,6.08,-10.21,-4.29,0.3291236659025375,0.0239275063705513
Carolina Panthers,4,0,0-4,1,Minnesota Vikings,13,21,20,232,149,83,1.0,14,265,130,135,2.0,-14.29,5.73,-0.38,0.3291236659025375,0.0239275063705513
Carolina Panthers,5,0,0-5,0,Detroit Lions,24,42,26,342,243,99,3.0,23,377,218,159,1.0,4.1,-21.57,-0.86,0.3291236659025375,0.0239275063705513
Carolina Panthers,6,0,0-6,0,Miami Dolphins,21,42,21,296,188,108,1.0,23,424,262,162,1.0,-6.44,-14.79,0.33,0.3291236659025375,0.0239275063705513
Carolina Panthers,8,1,1-6,1,Houston Texans,15,13,20,224,180,44,1.0,16,229,119,110,1.0,0.91,3.6,-2.13,0.3291236659025375,0.0239275063705513
Carolina Panthers,9,0,1-7,1,Indianapolis Colts,13,27,17,275,137,138,3.0,17,198,120,78,1.0,-23.07,3.93,2.92,0.3291236659025375,0.0239275063705513
Carolina Panthers,10,0,1-8,0,Chicago Bears,13,16,12,213,170,43,1.0,21,295,162,133,1.0,-6.28,0.42,1.84,0.3291236659025375,0.0239275063705513
Carolina Panthers,11,0,1-9,1,Dallas Cowboys,10,33,13,187,77,110,2.0,23,311,204,107,1.0,-13.81,-14.98,6.04,0.3291236659025375,0.0239275063705513
Carolina Panthers,12,0,1-10,0,Tennessee Titans,10,17,19,258,162,96,1.0,15,264,184,80,1.0,-7.57,-0.52,-0.58,0.3291236659025375,0.0239275063705513
Carolina Panthers,13,0,1-11,0,Tampa Bay Buccaneers,18,21,15,282,149,133,1.0,15,322,194,128,1.0,-4.36,-1.83,1.51,0.3291236659025375,0.0239275063705513
Carolina Panthers,14,0,1-12,0,New Orleans Saints,6,28,16,303,99,204,2.0,14,207,110,97,1.0,-20.04,2.19,-1.99,0.3291236659025375,0.0239275063705513
Carolina Panthers,15,1,2-12,1,Atlanta Falcons,9,7,17,283,154,129,1.0,12,204,152,52,2.0,-9.24,10.46,0.79,0.3291236659025375,0.0239275063705513
Carolina Panthers,16,0,2-13,1,Green Bay Packers,30,33,26,394,298,96,1.0,25,369,207,162,1.0,20.51,-19.16,-1.99,0.3291236659025375,0.0239275063705513
Carolina Panthers,17,0,2-14,0,Jacksonville Jaguars,0,26,7,124,67,57,1.0,16,317,162,155,1.0,-24.8,-6.77,4.36,0.3291236659025375,0.0239275063705513
Carolina Panthers,18,0,2-15,1,Tampa Bay Buccaneers,0,9,11,199,68,131,2.0,14,228,115,113,1.0,-13.18,7.74,-6.13,0.3291236659025375,0.0239275063705513
New England Patriots,1,0,0-1,1,Philadelphia Eagles,20,25,24,382,306,76,2.0,17,251,154,97,1.0,-12.04,10.42,-4.39,0.37826107513467,0.0301062066503328
New England Patriots,2,0,0-2,1,Miami Dolphins,17,24,23,288,200,88,2.0,22,389,244,145,1.0,-0.98,-13.09,7.69,0.37826107513467,0.0301062066503328
New England Patriots,3,1,1-2,0,New York Jets,15,10,17,358,201,157,1.0,12,171,133,38,1.0,-2.13,15.2,-6.78,0.37826107513467,0.0301062066503328
New England Patriots,4,0,1-3,0,Dallas Cowboys,3,38,10,253,200,53,3.0,22,377,253,124,1.0,-26.22,-8.01,-0.2,0.37826107513467,0.0301062066503328
New England Patriots,5,0,1-4,1,New Orleans Saints,0,34,8,156,111,45,3.0,17,304,168,136,1.0,-33.72,1.91,-3.4,0.37826107513467,0.0301062066503328
New England Patriots,6,0,1-5,0,Las Vegas Raiders,17,21,17,259,176,83,1.0,19,348,264,84,1.0,3.68,-2.79,-5.62,0.37826107513467,0.0301062066503328
New England Patriots,7,1,2-5,1,Buffalo Bills,29,25,21,364,268,96,1.0,24,339,258,81,2.0,10.65,-11.63,5.61,0.37826107513467,0.0301062066503328
New England Patriots,8,0,2-6,0,Miami Dolphins,17,31,13,218,141,77,1.0,24,390,312,78,2.0,-9.73,-10.64,3.59,0.37826107513467,0.0301062066503328
New England Patriots,9,0,2-7,1,Washington Commanders,17,20,18,327,220,107,1.0,23,432,308,124,2.0,0.28,-3.37,-1.3,0.37826107513467,0.0301062066503328
New England Patriots,10,0,2-8,1,Indianapolis Colts,6,10,21,340,173,167,2.0,14,264,194,70,1.0,-0.42,-0.31,-0.28,0.37826107513467,0.0301062066503328
New England Patriots,12,0,2-9,0,New York Giants,7,10,18,283,136,147,3.0,10,220,162,58,1.0,-12.51,12.44,-2.86,0.37826107513467,0.0301062066503328
New England Patriots,13,0,2-10,1,Los Angeles Chargers,0,6,13,257,109,148,1.0,13,241,212,29,1.0,-13.06,9.06,-4.71,0.37826107513467,0.0301062066503328
New England Patriots,14,1,3-10,0,Pittsburgh Steelers,21,18,14,303,222,81,1.0,18,264,182,82,1.0,-4.53,9.55,-2.96,0.37826107513467,0.0301062066503328
New England Patriots,15,0,3-11,1,Kansas City Chiefs,17,27,10,206,154,52,1.0,19,326,283,43,2.0,-16.05,5.95,0.09,0.37826107513467,0.0301062066503328
New England Patriots,16,1,4-11,0,Denver Broncos,26,23,12,289,230,59,1.0,19,276,193,83,2.0,-1.42,0.12,4.11,0.37826107513467,0.0301062066503328
New England Patriots,17,0,4-12,0,Buffalo Bills,21,27,16,294,191,103,4.0,19,281,154,127,1.0,-11.94,-0.15,1.73,0.37826107513467,0.0301062066503328
New England Patriots,18,0,4-13,1,New York Jets,3,17,6,119,31,88,2.0,13,254,69,185,1.0,-27.43,10.78,3.32,0.37826107513467,0.0301062066503328
Las Vegas Raiders,1,1,1-0,0,Denver Broncos,17,16,22,261,200,61,1.0,22,260,166,94,1.0,9.59,-10.75,3.68,0.3547853209828849,0.025948856852111
Las Vegas Raiders,2,0,1-1,0,Buffalo Bills,10,38,13,240,185,55,3.0,29,450,267,183,1.0,-4.89,-27.19,3.85,0.3547853209828849,0.025948856852111
Las Vegas Raiders,3,0,1-2,1,Pittsburgh Steelers,18,23,19,362,293,69,3.0,17,333,228,105,1.0,-3.82,-5.43,-0.12,0.3547853209828849,0.025948856852111
Las Vegas Raiders,4,0,1-3,0,Los Angeles Chargers,17,24,22,264,188,76,3.0,16,305,150,155,1.0,-8.27,-4.86,6.07,0.3547853209828849,0.025948856852111
Las Vegas Raiders,5,1,2-3,1,Green Bay Packers,17,13,19,279,183,96,1.0,18,285,175,110,3.0,-1.23,6.99,-5.61,0.3547853209828849,0.025948856852111
Las Vegas Raiders,6,1,3-3,1,New England Patriots,21,17,19,348,264,84,1.0,17,259,176,83,1.0,2.79,-3.68,5.62,0.3547853209828849,0.025948856852111
Las Vegas Raiders,7,0,3-4,0,Chicago Bears,12,30,20,235,196,39,3.0,23,323,150,173,1.0,-6.37,-12.58,-2.41,0.3547853209828849,0.025948856852111
Las Vegas Raiders,8,0,3-5,0,Detroit Lions,14,26,12,157,77,80,1.0,29,486,264,222,3.0,-15.25,-0.57,2.81,0.3547853209828849,0.025948856852111
Las Vegas Raiders,9,1,4-5,1,New York Giants,30,6,15,334,209,125,1.0,15,277,154,123,2.0,1.99,18.96,1.85,0.3547853209828849,0.025948856852111
Las Vegas Raiders,10,1,5-5,1,New York Jets,16,12,15,274,126,148,2.0,14,365,257,108,1.0,-8.01,7.21,3.38,0.3547853209828849,0.025948856852111
Las Vegas Raiders,11,0,5-6,0,Miami Dolphins,13,20,12,296,260,36,3.0,21,422,323,99,3.0,-15.77,-1.48,8.12,0.3547853209828849,0.025948856852111
Las Vegas Raiders,12,0,5-7,1,Kansas City Chiefs,17,31,16,358,235,123,1.0,23,360,291,69,1.0,6.49,-14.0,-5.9,0.3547853209828849,0.025948856852111
Las Vegas Raiders,14,0,5-8,1,Minnesota Vikings,0,3,8,202,146,56,3.0,16,231,99,132,1.0,-20.46,10.05,6.43,0.3547853209828849,0.025948856852111
Las Vegas Raiders,15,1,6-8,1,Los Angeles Chargers,63,21,20,378,254,124,1.0,18,326,234,92,5.0,22.25,15.82,3.05,0.3547853209828849,0.025948856852111
Las Vegas Raiders,16,1,7-8,0,Kansas City Chiefs,20,14,12,205,48,157,1.0,19,308,223,85,2.0,-8.4,11.63,3.27,0.3547853209828849,0.025948856852111
Las Vegas Raiders,17,0,7-9,0,Indianapolis Colts,20,23,26,370,286,84,1.0,16,349,215,134,1.0,8.69,-11.41,-1.73,0.3547853209828849,0.025948856852111
Las Vegas Raiders,18,1,8-9,1,Denver Broncos,27,14,22,359,230,129,1.0,17,286,238,48,1.0,12.72,-1.3,0.08,0.3547853209828849,0.025948856852111
Los Angeles Rams,1,1,1-0,0,Seattle Seahawks,30,13,27,426,334,92,1.0,13,180,95,85,1.0,20.95,1.77,-5.73,0.3423958192842112,0.0249956142353838
Los Angeles Rams,2,0,1-1,1,San Francisco 49ers,23,30,28,386,297,89,2.0,21,365,206,159,1.0,3.31,-12.36,2.05,0.3423958192842112,0.0249956142353838
Los Angeles Rams,3,0,1-2,0,Cincinnati Bengals,16,19,15,292,221,71,2.0,19,309,242,67,1.0,-7.34,8.0,-3.79,0.3423958192842112,0.0249956142353838
Los Angeles Rams,4,1,2-2,0,Indianapolis Colts,29,23,27,467,303,164,1.0,19,329,196,133,1.0,15.52,-5.51,-0.74,0.3423958192842112,0.0249956142353838
Los Angeles Rams,5,0,2-3,1,Philadelphia Eagles,14,23,17,249,195,54,1.0,28,454,295,159,1.0,6.25,-16.56,2.84,0.3423958192842112,0.0249956142353838
Los Angeles Rams,6,1,3-3,1,Arizona Cardinals,26,9,17,382,203,179,1.0,20,345,215,130,2.0,10.25,12.85,-7.36,0.3423958192842112,0.0249956142353838
Los Angeles Rams,7,0,3-4,1,Pittsburgh Steelers,17,24,19,354,219,135,1.0,17,300,214,86,1.0,3.06,-4.14,-6.47,0.3423958192842112,0.0249956142353838
Los Angeles Rams,8,0,3-5,0,Dallas Cowboys,20,43,15,280,188,92,1.0,24,387,285,102,1.0,-8.68,-15.46,-1.87,0.3423958192842112,0.0249956142353838
Los Angeles Rams,9,0,3-6,0,Green Bay Packers,3,20,10,187,119,68,2.0,21,391,207,184,2.0,-20.49,-2.46,1.58,0.3423958192842112,0.0249956142353838
Los Angeles Rams,11,1,4-6,1,Seattle Seahawks,17,16,20,267,185,82,1.0,16,291,223,68,1.0,2.26,-0.28,0.2,0.3423958192842112,0.0249956142353838
Los Angeles Rams,12,1,5-6,0,Arizona Cardinals,37,14,25,457,229,228,1.0,19,292,219,73,1.0,22.85,1.35,-4.78,0.3423958192842112,0.0249956142353838
Los Angeles Rams,13,1,6-6,1,Cleveland Browns,36,19,20,399,279,120,1.0,20,327,240,87,1.0,16.49,1.73,-1.43,0.3423958192842112,0.0249956142353838
Los Angeles Rams,14,0,6-7,0,Baltimore Ravens,31,37,24,410,282,128,1.0,23,449,310,139,1.0,7.96,-13.48,-0.55,0.3423958192842112,0.0249956142353838
Los Angeles Rams,15,1,7-7,1,Washington Commanders,28,20,23,445,249,196,2.0,14,297,218,79,1.0,8.81,2.14,-3.33,0.3423958192842112,0.0249956142353838
Los Angeles Rams,16,1,8-7,1,New Orleans Saints,30,22,23,458,325,133,1.0,18,339,304,35,1.0,18.19,-1.69,-4.89,0.3423958192842112,0.0249956142353838
Los Angeles Rams,17,1,9-7,0,New York Giants,26,25,22,391,286,105,3.0,17,389,284,105,1.0,2.7,4.35,-4.87,0.3423958192842112,0.0249956142353838
Los Angeles Rams,18,1,10-7,0,San Francisco 49ers,21,20,19,258,149,109,1.0,20,300,175,125,1.0,11.3,-9.48,2.42,0.3423958192842112,0.0249956142353838
Baltimore Ravens,1,1,1-0,1,Houston Texans,25,9,18,265,155,110,2.0,18,268,196,72,1.0,-0.55,15.24,-0.49,0.3855412504389907,0.0283779960936239
Baltimore Ravens,2,1,2-0,0,Cincinnati Bengals,27,24,26,415,237,178,1.0,19,282,216,66,1.0,18.73,-6.95,-6.67,0.3855412504389907,0.0283779960936239
Baltimore Ravens,3,0,2-1,1,Indianapolis Colts,19,22,20,364,178,186,2.0,19,327,188,139,1.0,-5.27,13.57,-10.63,0.3855412504389907,0.0283779960936239
Baltimore Ravens,4,1,3-1,0,Cleveland Browns,28,3,16,296,165,131,1.0,13,166,73,93,3.0,2.36,25.42,-2.71,0.3855412504389907,0.0283779960936239
Baltimore Ravens,5,0,3-2,0,Pittsburgh Steelers,10,17,19,335,210,125,3.0,17,289,202,87,1.0,-16.12,5.08,3.84,0.3855412504389907,0.0283779960936239
Baltimore Ravens,6,1,4-2,0,Tennessee Titans,24,16,20,360,221,139,1.0,17,233,104,129,2.0,3.16,1.3,4.65,0.3855412504389907,0.0283779960936239
Baltimore Ravens,7,1,5-2,1,Detroit Lions,38,6,23,503,357,146,1.0,18,337,253,84,1.0,26.48,6.4,-3.38,0.3855412504389907,0.0283779960936239
Baltimore Ravens,8,1,6-2,0,Arizona Cardinals,31,24,21,268,138,130,1.0,22,310,181,129,2.0,9.2,3.72,-1.65,0.3855412504389907,0.0283779960936239
Baltimore Ravens,9,1,7-2,1,Seattle Seahawks,37,3,29,515,217,298,2.0,6,151,123,28,2.0,17.08,21.73,-5.23,0.3855412504389907,0.0283779960936239
Baltimore Ravens,10,0,7-3,1,Cleveland Browns,31,33,18,306,200,106,2.0,24,373,195,178,2.0,2.49,-6.32,1.1,0.3855412504389907,0.0283779960936239
Baltimore Ravens,11,1,8-3,1,Cincinnati Bengals,34,20,22,405,248,157,1.0,20,272,136,136,1.0,19.09,-4.61,1.27,0.3855412504389907,0.0283779960936239
Baltimore Ravens,12,1,9-3,0,Los Angeles Chargers,20,10,20,361,164,197,1.0,16,279,193,86,4.0,1.22,16.16,-5.76,0.3855412504389907,0.0283779960936239
Baltimore Ravens,14,1,10-3,1,Los Angeles Rams,37,31,23,449,310,139,1.0,24,410,282,128,1.0,13.48,-7.96,0.55,0.3855412504389907,0.0283779960936239
Baltimore Ravens,15,1,11-3,0,Jacksonville Jaguars,23,7,25,396,145,251,1.0,16,333,258,75,2.0,8.41,3.03,2.47,0.3855412504389907,0.0283779960936239
Baltimore Ravens,16,1,12-3,0,San Francisco 49ers,33,19,23,343,241,102,1.0,21,429,308,121,5.0,11.84,4.26,-1.31,0.3855412504389907,0.0283779960936239
Baltimore Ravens,17,1,13-3,1,Miami Dolphins,56,19,24,491,331,160,1.0,20,375,221,154,3.0,31.09,10.36,-1.21,0.3855412504389907,0.0283779960936239
Baltimore Ravens,18,0,13-4,1,Pittsburgh Steelers,10,17,13,224,118,106,2.0,16,289,134,155,2.0,-12.05,7.1,-3.24,0.3855412504389907,0.0283779960936239
New Orleans Saints,1,1,1-0,1,Tennessee Titans,16,15,15,351,282,69,2.0,16,285,181,104,3.0,0.83,8.64,-4.03,0.3657346235264404,0.0267463799084253
New Orleans Saints,2,1,2-0,0,Carolina Panthers,20,17,23,341,207,134,1.0,14,239,139,100,1.0,3.81,6.94,-6.1,0.3657346235264404,0.0267463799084253
New Orleans Saints,3,0,2-1,0,Green Bay Packers,17,18,15,252,175,77,1.0,21,340,245,95,1.0,-3.02,-1.99,6.26,0.3657346235264404,0.0267463799084253
New Orleans Saints,4,0,2-2,1,Tampa Bay Buccaneers,9,26,16,197,127,70,3.0,21,353,239,114,1.0,-14.93,-3.79,2.25,0.3657346235264404,0.0267463799084253
New Orleans Saints,5,1,3-2,0,New England Patriots,34,0,17,304,168,136,1.0,8,156,111,45,3.0,-1.91,33.72,3.4,0.3657346235264404,0.0267463799084253
New Orleans Saints,6,0,3-3,0,Houston Texans,13,20,24,430,341,89,2.0,19,297,177,120,1.0,5.96,-8.1,-3.91,0.3657346235264404,0.0267463799084253
New Orleans Saints,7,0,3-4,1,Jacksonville Jaguars,24,31,25,407,295,112,1.0,18,330,217,113,2.0,-4.83,-2.64,1.15,0.3657346235264404,0.0267463799084253
New Orleans Saints,8,1,4-4,0,Indianapolis Colts,38,27,24,511,350,161,1.0,19,371,207,164,1.0,23.78,-8.38,-3.03,0.3657346235264404,0.0267463799084253
New Orleans Saints,9,1,5-4,1,Chicago Bears,24,17,18,301,214,87,1.0,20,368,212,156,5.0,5.1,5.71,3.16,0.3657346235264404,0.0267463799084253
New Orleans Saints,10,0,5-5,0,Minnesota Vikings,19,27,16,280,215,65,2.0,23,388,263,125,1.0,-0.04,-10.78,4.27,0.3657346235264404,0.0267463799084253
New Orleans Saints,12,0,5-6,0,Atlanta Falcons,15,24,22,444,296,148,2.0,25,396,168,228,2.0,-3.48,-7.53,0.04,0.3657346235264404,0.0267463799084253
New Orleans Saints,13,0,5-7,1,Detroit Lions,28,33,23,362,249,113,2.0,18,347,205,142,1.0,6.28,-9.55,-2.62,0.3657346235264404,0.0267463799084253
New Orleans Saints,14,1,6-7,1,Carolina Panthers,28,6,14,207,110,97,1.0,16,303,99,204,2.0,-2.19,20.04,1.99,0.3657346235264404,0.0267463799084253
New Orleans Saints,15,1,7-7,1,New York Giants,24,6,20,296,209,87,1.0,12,193,133,60,1.0,8.51,15.39,-7.4,0.3657346235264404,0.0267463799084253
New Orleans Saints,16,0,7-8,0,Los Angeles Rams,22,30,18,339,304,35,1.0,23,458,325,133,1.0,1.69,-18.19,4.89,0.3657346235264404,0.0267463799084253
New Orleans Saints,17,1,8-8,0,Tampa Bay Buccaneers,23,13,20,310,202,108,1.0,13,349,292,57,4.0,0.67,3.93,5.28,0.3657346235264404,0.0267463799084253
New Orleans Saints,18,1,9-8,1,Atlanta Falcons,48,17,27,400,246,154,1.0,14,389,311,78,3.0,20.65,11.97,-3.08,0.3657346235264404,0.0267463799084253
Seattle Seahawks,1,0,0-1,1,Los Angeles Rams,13,30,13,180,95,85,1.0,27,426,334,92,1.0,-1.77,-20.95,5.73,0.3721140733515465,0.0266017363259576
Seattle Seahawks,2,1,1-1,0,Detroit Lions,37,31,28,393,311,82,1.0,25,418,316,102,3.0,18.0,-4.65,-7.35,0.3721140733515465,0.0266017363259576
Seattle Seahawks,3,1,2-1,1,Carolina Panthers,37,27,27,425,279,146,1.0,23,378,334,44,1.0,10.21,-6.08,4.29,0.3721140733515465,0.0266017363259576
Seattle Seahawks,4,1,3-1,0,New York Giants,24,3,13,281,160,121,1.0,17,248,136,112,3.0,-7.86,29.37,0.33,0.3721140733515465,0.0266017363259576
Seattle Seahawks,6,0,3-2,0,Cincinnati Bengals,13,17,24,384,297,87,2.0,15,214,168,46,1.0,-3.89,1.37,-1.98,0.3721140733515465,0.0266017363259576
Seattle Seahawks,7,1,4-2,1,Arizona Cardinals,20,10,18,318,203,115,3.0,15,249,122,127,1.0,2.2,10.34,-3.57,0.3721140733515465,0.0266017363259576
Seattle Seahawks,8,1,5-2,1,Cleveland Browns,24,20,17,362,248,114,2.0,23,385,230,155,3.0,6.04,0.0,2.5,0.3721140733515465,0.0266017363259576
Seattle Seahawks,9,0,5-3,0,Baltimore Ravens,3,37,6,151,123,28,2.0,29,515,217,298,2.0,-21.73,-17.08,5.23,0.3721140733515465,0.0266017363259576
Seattle Seahawks,10,1,6-3,1,Washington Commanders,29,26,27,489,369,120,1.0,16,356,288,68,1.0,15.28,-7.66,-2.61,0.3721140733515465,0.0266017363259576
Seattle Seahawks,11,0,6-4,0,Los Angeles Rams,16,17,16,291,223,68,1.0,20,267,185,82,1.0,0.28,-2.26,-0.2,0.3721140733515465,0.0266017363259576
Seattle Seahawks,12,0,6-5,1,San Francisco 49ers,13,31,14,220,132,88,2.0,23,377,208,169,1.0,-10.62,-8.06,0.59,0.3721140733515465,0.0266017363259576
Seattle Seahawks,13,0,6-6,0,Dallas Cowboys,35,41,25,406,334,72,1.0,33,411,275,136,1.0,20.82,-24.14,-3.78,0.3721140733515465,0.0266017363259576
Seattle Seahawks,14,0,6-7,0,San Francisco 49ers,16,28,17,324,254,70,2.0,19,527,354,173,2.0,-1.61,-19.7,3.47,0.3721140733515465,0.0266017363259576
Seattle Seahawks,15,1,7-7,1,Philadelphia Eagles,20,17,16,297,197,100,1.0,23,321,143,178,2.0,6.27,-5.2,-0.39,0.3721140733515465,0.0266017363259576
Seattle Seahawks,16,1,8-7,0,Tennessee Titans,20,17,21,273,215,58,1.0,23,287,125,162,1.0,13.04,-9.37,0.67,0.3721140733515465,0.0266017363259576
Seattle Seahawks,17,0,8-8,1,Pittsburgh Steelers,23,30,17,369,281,88,1.0,25,468,266,202,1.0,7.51,-20.36,0.67,0.3721140733515465,0.0266017363259576
Seattle Seahawks,18,1,9-8,0,Arizona Cardinals,21,20,18,327,189,138,1.0,24,466,260,206,1.0,10.16,-18.03,6.27,0.3721140733515465,0.0266017363259576
Pittsburgh Steelers,1,0,0-1,1,San Francisco 49ers,7,30,15,239,198,41,2.0,22,391,203,188,1.0,-13.55,-9.73,0.78,0.3561926113798509,0.0268341268157728
Pittsburgh Steelers,2,1,1-1,1,Cleveland Browns,26,22,9,255,200,55,2.0,20,408,210,198,4.0,-16.63,19.51,2.81,0.3561926113798509,0.0268341268157728
Pittsburgh Steelers,3,1,2-1,0,Las Vegas Raiders,23,18,17,333,228,105,1.0,19,362,293,69,3.0,5.43,3.82,0.12,0.3561926113798509,0.0268341268157728
Pittsburgh Steelers,4,0,2-2,0,Houston Texans,6,30,12,225,111,114,1.0,24,451,312,139,1.0,-8.54,-15.66,2.59,0.3561926113798509,0.0268341268157728
Pittsburgh Steelers,5,1,3-2,1,Baltimore Ravens,17,10,17,289,202,87,1.0,19,335,210,125,3.0,-5.08,16.12,-3.84,0.3561926113798509,0.0268341268157728
Pittsburgh Steelers,7,1,4-2,0,Los Angeles Rams,24,17,17,300,214,86,1.0,19,354,219,135,1.0,4.14,-3.06,6.47,0.3561926113798509,0.0268341268157728
Pittsburgh Steelers,8,0,4-3,1,Jacksonville Jaguars,10,20,17,261,191,70,2.0,20,377,271,106,3.0,-3.68,2.59,-2.01,0.3561926113798509,0.0268341268157728
Pittsburgh Steelers,9,1,5-3,1,Tennessee Titans,20,16,22,326,160,166,1.0,23,340,235,105,1.0,10.92,-3.61,-3.77,0.3561926113798509,0.0268341268157728
Pittsburgh Steelers,10,1,6-3,1,Green Bay Packers,23,19,21,324,119,205,1.0,17,399,283,116,2.0,7.06,-8.81,3.18,0.3561926113798509,0.0268341268157728
Pittsburgh Steelers,11,0,6-4,0,Cleveland Browns,10,13,12,249,77,172,1.0,20,259,163,96,1.0,-6.04,6.18,-1.74,0.3561926113798509,0.0268341268157728
Pittsburgh Steelers,12,1,7-4,0,Cincinnati Bengals,16,10,22,421,268,153,1.0,10,222,197,25,1.0,4.32,6.04,-3.05,0.3561926113798509,0.0268341268157728
Pittsburgh Steelers,13,0,7-5,1,Arizona Cardinals,10,24,18,317,187,130,1.0,18,282,132,150,1.0,-2.22,-6.39,-7.39,0.3561926113798509,0.0268341268157728
Pittsburgh Steelers,14,0,7-6,1,New England Patriots,18,21,18,264,182,82,1.0,14,303,222,81,1.0,-9.55,4.53,2.96,0.3561926113798509,0.0268341268157728
Pittsburgh Steelers,15,0,7-7,0,Indianapolis Colts,13,30,13,216,142,74,3.0,19,372,202,170,1.0,-9.21,-11.18,3.34,0.3561926113798509,0.0268341268157728
Pittsburgh Steelers,16,1,8-7,1,Cincinnati Bengals,34,11,16,397,284,113,1.0,17,368,309,59,3.0,15.02,7.25,-1.38,0.3561926113798509,0.0268341268157728
Pittsburgh Steelers,17,1,9-7,0,Seattle Seahawks,30,23,25,468,266,202,1.0,17,369,281,88,1.0,20.36,-7.51,-0.67,0.3561926113798509,0.0268341268157728
Pittsburgh Steelers,18,1,10-7,0,Baltimore Ravens,17,10,16,289,134,155,2.0,13,224,118,106,2.0,-7.1,12.05,3.24,0.3561926113798509,0.0268341268157728
Houston Texans,1,0,0-1,0,Baltimore Ravens,9,25,18,268,196,72,1.0,18,265,155,110,2.0,-15.24,0.55,0.49,0.3440304671456492,0.0231909863575496
Houston Texans,2,0,0-2,1,Indianapolis Colts,20,31,24,389,337,52,1.0,19,353,227,126,1.0,7.88,-14.21,-4.04,0.3440304671456492,0.0231909863575496
Houston Texans,3,1,1-2,0,Jacksonville Jaguars,37,17,15,366,280,86,1.0,22,404,288,116,2.0,13.65,-3.88,10.46,0.3440304671456492,0.0231909863575496
Houston Texans,4,1,2-2,1,Pittsburgh Steelers,30,6,24,451,312,139,1.0,12,225,111,114,1.0,15.66,8.54,-2.59,0.3440304671456492,0.0231909863575496
Houston Texans,5,0,2-3,0,Atlanta Falcons,19,21,17,313,249,64,1.0,26,447,351,96,2.0,2.73,-6.01,1.01,0.3440304671456492,0.0231909863575496
Houston Texans,6,1,3-3,1,New Orleans Saints,20,13,19,297,177,120,1.0,24,430,341,89,2.0,8.1,-5.96,3.91,0.3440304671456492,0.0231909863575496
Houston Texans,8,0,3-4,0,Carolina Panthers,13,15,16,229,119,110,1.0,20,224,180,44,1.0,-3.6,-0.91,2.13,0.3440304671456492,0.0231909863575496
Houston Texans,9,1,4-4,1,Tampa Bay Buccaneers,39,37,26,496,443,53,1.0,21,332,251,81,1.0,16.65,-13.23,-5.81,0.3440304671456492,0.0231909863575496
Houston Texans,10,1,5-4,0,Cincinnati Bengals,30,27,28,544,356,188,3.0,20,380,314,66,2.0,13.25,-4.94,-4.46,0.3440304671456492,0.0231909863575496
Houston Texans,11,1,6-4,1,Arizona Cardinals,21,16,22,419,308,111,3.0,20,319,196,123,2.0,4.22,1.11,-0.49,0.3440304671456492,0.0231909863575496
Houston Texans,12,0,6-5,1,Jacksonville Jaguars,21,24,19,352,261,91,1.0,22,445,364,81,1.0,8.2,-13.92,-3.64,0.3440304671456492,0.0231909863575496
Houston Texans,13,1,7-5,1,Denver Broncos,22,17,14,353,264,89,1.0,16,282,164,118,3.0,-1.15,4.63,0.91,0.3440304671456492,0.0231909863575496
Houston Texans,14,0,7-6,0,New York Jets,6,30,10,135,54,81,1.0,20,347,268,79,1.0,-22.37,-2.85,3.08,0.3440304671456492,0.0231909863575496
Houston Texans,15,1,8-6,0,Tennessee Titans,19,16,21,340,192,148,1.0,14,204,138,66,1.0,-9.0,8.62,3.38,0.3440304671456492,0.0231909863575496
Houston Texans,16,0,8-7,1,Cleveland Browns,22,36,20,250,178,72,2.0,26,418,364,54,2.0,-9.69,-12.38,8.56,0.3440304671456492,0.0231909863575496
Houston Texans,17,1,9-7,1,Tennessee Titans,26,3,20,312,201,111,1.0,11,187,134,53,1.0,3.77,18.77,-1.45,0.3440304671456492,0.0231909863575496
Houston Texans,18,1,10-7,0,Indianapolis Colts,23,19,16,306,246,60,1.0,21,360,133,227,1.0,5.93,-3.98,-1.85,0.3440304671456492,0.0231909863575496
Tennessee Titans,1,0,0-1,0,New Orleans Saints,15,16,16,285,181,104,3.0,15,351,282,69,2.0,-8.64,-0.83,4.03,0.3040906690433865,0.0247476135218309
Tennessee Titans,2,1,1-1,1,Los Angeles Chargers,27,24,22,341,200,141,1.0,19,342,281,61,1.0,9.86,-6.8,-0.06,0.3040906690433865,0.0247476135218309
Tennessee Titans,3,0,1-2,0,Cleveland Browns,3,27,6,94,68,26,1.0,23,341,263,78,1.0,-13.12,-13.99,4.04,0.3040906690433865,0.0247476135218309
Tennessee Titans,4,1,2-2,1,Cincinnati Bengals,27,3,23,400,227,173,1.0,14,211,139,72,1.0,18.97,9.18,-1.14,0.3040906690433865,0.0247476135218309
Tennessee Titans,5,0,2-3,0,Indianapolis Colts,16,23,19,348,259,89,1.0,21,429,236,193,1.0,6.32,-16.77,0.89,0.3040906690433865,0.0247476135218309
Tennessee Titans,6,0,2-4,1,Baltimore Ravens,16,24,17,233,104,129,2.0,20,360,221,139,1.0,-1.3,-3.16,-4.65,0.3040906690433865,0.0247476135218309
Tennessee Titans,8,1,3-4,1,Atlanta Falcons,28,23,17,375,226,149,1.0,17,342,202,140,1.0,4.14,3.34,0.17,0.3040906690433865,0.0247476135218309
Tennessee Titans,9,0,3-5,0,Pittsburgh Steelers,16,20,23,340,235,105,1.0,22,326,160,166,1.0,3.61,-10.92,3.77,0.3040906690433865,0.0247476135218309
Tennessee Titans,10,0,3-6,0,Tampa Bay Buccaneers,6,20,14,209,167,42,1.0,19,340,263,77,1.0,-14.75,-7.05,4.53,0.3040906690433865,0.0247476135218309
Tennessee Titans,11,0,3-7,0,Jacksonville Jaguars,14,34,12,235,143,92,2.0,24,389,261,128,1.0,3.96,-21.06,-2.84,0.3040906690433865,0.0247476135218309
Tennessee Titans,12,1,4-7,1,Carolina Panthers,17,10,15,264,184,80,1.0,19,258,162,96,1.0,0.52,7.57,0.58,0.3040906690433865,0.0247476135218309
Tennessee Titans,13,0,4-8,1,Indianapolis Colts,28,31,25,381,204,177,2.0,19,355,300,55,2.0,3.29,-2.48,-6.88,0.3040906690433865,0.0247476135218309
Tennessee Titans,14,1,5-8,0,Miami Dolphins,28,27,22,403,320,83,3.0,20,366,208,158,1.0,1.86,0.67,-0.42,0.3040906690433865,0.0247476135218309
Tennessee Titans,15,0,5-9,1,Houston Texans,16,19,14,204,138,66,1.0,21,340,192,148,1.0,-8.62,9.0,-3.38,0.3040906690433865,0.0247476135218309
Tennessee Titans,16,0,5-10,1,Seattle Seahawks,17,20,23,287,125,162,1.0,21,273,215,58,1.0,9.37,-13.04,-0.67,0.3040906690433865,0.0247476135218309
Tennessee Titans,17,0,5-11,0,Houston Texans,3,26,11,187,134,53,1.0,20,312,201,111,1.0,-18.77,-3.77,1.45,0.3040906690433865,0.0247476135218309
Tennessee Titans,18,1,6-11,1,Jacksonville Jaguars,28,20,19,327,152,175,1.0,20,362,280,82,2.0,7.12,0.86,0.99,0.3040906690433865,0.0247476135218309
Minnesota Vikings,1,0,0-1,1,Tampa Bay Buccaneers,17,20,18,369,328,41,3.0,16,242,169,73,1.0,0.1,3.09,-7.66,0.3713664622200698,0.0276937367548436
Minnesota Vikings,2,0,0-2,0,Philadelphia Eagles,28,34,19,374,346,28,4.0,24,430,171,259,1.0,7.44,-14.53,0.51,0.3713664622200698,0.0276937367548436
Minnesota Vikings,3,0,0-3,1,Los Angeles Chargers,24,28,29,475,345,130,2.0,24,475,445,30,1.0,8.26,-15.21,4.83,0.3713664622200698,0.0276937367548436
Minnesota Vikings,4,1,1-3,0,Carolina Panthers,21,13,14,265,130,135,2.0,20,232,149,83,1.0,-5.73,14.29,0.38,0.3713664622200698,0.0276937367548436
Minnesota Vikings,5,0,1-4,1,Kansas City Chiefs,20,27,24,329,259,70,1.0,21,333,266,67,1.0,10.22,-15.55,-0.17,0.3713664622200698,0.0276937367548436
Minnesota Vikings,6,1,2-4,0,Chicago Bears,19,13,12,220,174,46,1.0,18,275,113,162,3.0,-8.38,15.39,0.79,0.3713664622200698,0.0276937367548436
Minnesota Vikings,7,1,3-4,1,San Francisco 49ers,22,17,24,452,378,74,1.0,19,325,260,65,3.0,16.3,-5.43,-6.07,0.3713664622200698,0.0276937367548436
Minnesota Vikings,8,1,4-4,0,Green Bay Packers,24,10,24,346,284,62,1.0,16,270,196,74,1.0,13.6,10.54,-9.64,0.3713664622200698,0.0276937367548436
Minnesota Vikings,9,1,5-4,0,Atlanta Falcons,31,28,23,363,217,146,2.0,18,370,260,110,2.0,1.9,3.4,-3.43,0.3713664622200698,0.0276937367548436
Minnesota Vikings,10,1,6-4,1,New Orleans Saints,27,19,23,388,263,125,1.0,16,280,215,65,2.0,10.78,0.04,-4.27,0.3713664622200698,0.0276937367548436
Minnesota Vikings,11,0,6-5,0,Denver Broncos,20,21,19,385,210,175,3.0,13,295,249,46,1.0,-1.96,3.68,-5.21,0.3713664622200698,0.0276937367548436
Minnesota Vikings,12,0,6-6,1,Chicago Bears,10,12,15,242,169,73,4.0,18,317,199,118,2.0,-10.19,7.29,3.55,0.3713664622200698,0.0276937367548436
Minnesota Vikings,14,1,7-6,0,Las Vegas Raiders,3,0,16,231,99,132,1.0,8,202,146,56,3.0,-10.05,20.46,-6.43,0.3713664622200698,0.0276937367548436
Minnesota Vikings,15,0,7-7,0,Cincinnati Bengals,24,27,24,424,281,143,2.0,22,378,298,80,1.0,8.62,-9.29,-1.35,0.3713664622200698,0.0276937367548436
Minnesota Vikings,16,0,7-8,1,Detroit Lions,24,30,19,390,373,17,4.0,28,389,246,143,1.0,11.43,-15.44,-0.61,0.3713664622200698,0.0276937367548436
Minnesota Vikings,17,0,7-9,1,Green Bay Packers,10,33,13,211,144,67,2.0,28,470,293,177,1.0,-14.27,-22.54,12.19,0.3713664622200698,0.0276937367548436
Minnesota Vikings,18,0,7-10,0,Detroit Lions,20,30,24,448,359,89,2.0,19,381,311,70,1.0,4.55,-17.81,-1.13,0.3713664622200698,0.0276937367548436
